Age,MonthlyIncome,OverTime,DistanceFromHome,JobSatisfaction,EnvironmentSatisfaction,WorkLifeBalance,StockOptionLevel,YearsAtCompany,YearsSinceLastPromotion,YearsWithCurrManager,TotalWorkingYears,NumCompaniesWorked,JobInvolvement,PercentSalaryHike,Attrition
41,5993,1,1,4,2,1,0,6,0,5,8,8,3,11,1
49,5130,0,8,2,3,3,1,10,1,7,10,1,2,23,0
37,2090,1,2,3,4,3,0,0,0,0,7,6,2,15,1
33,2909,1,3,3,4,3,0,8,3,0,8,1,3,11,0
27,3468,0,2,2,1,3,1,2,2,2,6,9,3,12,0
32,3068,0,2,4,4,2,0,7,3,6,8,0,3,13,0
59,2670,1,3,1,3,2,3,1,0,0,12,4,4,20,0
30,2693,0,24,3,4,3,1,1,0,0,1,1,3,22,0
38,9526,0,23,3,4,3,0,9,1,8,10,0,2,21,0
36,5237,0,27,3,3,2,2,7,7,7,17,6,3,13,0
35,2426,0,16,2,1,3,1,5,0,3,6,0,4,13,0
29,4193,1,15,3,4,3,0,9,0,8,10,0,2,12,0
31,2911,0,26,3,1,2,1,5,4,3,5,1,3,17,0
34,2661,0,19,4,2,3,1,2,1,2,3,0,3,11,0
28,2028,1,24,3,3,3,0,4,0,3,6,5,2,14,1
29,9980,0,21,1,2,3,1,10,8,8,10,1,4,11,0
32,3298,1,5,2,1,2,2,6,0,5,7,0,4,12,0
22,2935,1,16,4,4,2,2,1,0,0,1,1,4,13,0
53,15427,0,2,4,1,3,0,25,3,7,31,2,2,16,0
38,3944,1,2,4,4,3,0,3,1,2,6,5,3,11,0
24,4011,0,11,3,1,2,1,4,1,3,5,0,4,18,0
36,3407,0,9,1,3,3,0,5,0,3,10,7,2,23,1
34,11994,0,7,2,1,3,0,12,2,11,13,0,3,11,0
21,1232,0,15,4,3,3,0,0,0,0,0,1,3,14,0
34,2960,0,6,1,2,3,0,4,1,3,8,2,3,11,1
53,19094,0,5,3,3,2,1,14,4,8,26,4,3,11,0
32,3919,1,16,1,2,3,0,10,6,7,10,1,1,22,1
42,6825,0,8,2,3,3,1,9,4,2,10,0,3,11,0
44,10248,0,7,4,1,3,1,22,5,17,24,3,2,14,0
46,18947,0,2,1,2,2,0,2,2,1,22,3,3,12,0
33,2496,0,2,4,3,3,0,1,0,0,7,4,3,11,0
44,6465,1,10,4,4,4,0,4,1,3,9,2,3,13,0
30,2206,0,9,3,4,3,0,10,1,8,10,1,2,13,0
39,2086,0,5,4,4,4,1,1,0,0,19,3,3,14,1
24,2293,1,1,4,2,2,1,2,2,0,6,2,3,16,1
43,2645,0,2,3,4,2,2,5,1,4,6,1,4,12,0
50,2683,1,3,3,1,3,0,3,0,2,3,1,2,14,1
35,2014,0,2,4,4,3,0,2,2,2,2,1,3,13,0
36,3419,1,5,1,2,4,1,1,0,0,6,9,2,14,0
33,5376,0,1,1,3,3,2,5,1,3,10,2,4,19,0
35,1951,0,4,4,3,3,1,1,0,0,1,1,3,12,0
27,2341,0,2,1,4,3,1,1,0,0,1,1,3,13,0
26,2293,0,25,3,1,2,0,1,0,1,1,1,1,12,1
27,8726,0,8,3,4,3,0,9,1,7,9,1,3,15,0
30,4011,0,1,4,3,3,0,12,3,7,12,1,3,23,0
41,19545,0,12,3,2,3,0,22,15,8,23,1,3,12,1
34,4568,0,23,3,2,3,0,9,8,7,10,0,3,20,0
37,3022,0,19,2,2,3,0,1,0,0,8,4,3,21,0
46,5772,1,5,4,1,3,0,9,0,8,14,4,3,21,0
35,2269,0,8,4,4,3,0,1,0,1,1,1,4,19,0
48,5381,1,1,3,1,3,0,1,0,0,23,9,2,13,1
28,3441,1,5,3,3,2,0,2,2,2,2,1,3,13,1
44,5454,1,1,1,2,2,1,4,1,3,9,5,3,21,0
35,9884,1,11,1,3,3,1,4,2,3,10,2,2,13,0
26,4157,1,23,4,3,2,1,2,0,0,5,7,2,19,0
33,13458,1,1,4,1,3,0,15,8,12,15,1,3,12,0
35,9069,0,18,1,2,2,1,9,1,8,9,1,3,22,0
35,4014,1,23,1,3,3,1,2,2,2,4,3,3,15,0
31,5915,0,7,4,4,2,1,7,1,7,10,3,3,22,0
37,5993,0,1,3,1,4,1,7,0,7,7,1,2,18,0
32,6162,1,1,4,1,3,1,9,7,8,9,1,3,22,0
38,2406,0,29,4,4,3,0,10,9,9,10,1,3,11,0
50,18740,1,7,3,2,2,1,27,13,8,29,5,2,12,0
59,7637,0,25,1,1,2,0,21,7,9,28,7,3,11,0
36,10096,0,8,3,3,3,3,17,12,8,17,1,3,13,0
55,14756,1,8,3,4,3,3,5,0,2,21,2,3,14,0
36,6499,0,11,2,2,3,0,6,0,3,6,1,2,13,0
45,9724,0,7,1,2,3,1,1,0,0,25,2,3,17,0
35,2194,0,1,1,2,2,1,3,1,2,5,4,3,13,0
36,3388,1,9,3,4,2,1,1,0,0,2,0,2,17,1
59,5473,0,1,3,1,2,0,4,1,3,20,7,2,11,0
29,2703,0,2,2,3,3,1,5,0,4,6,0,3,23,0
31,2501,0,1,2,3,3,0,1,1,0,1,1,3,17,0
32,6220,0,1,2,2,3,2,10,0,9,10,1,3,17,0
36,3038,0,6,4,2,3,0,1,0,0,5,3,4,12,0
31,4424,0,8,4,3,3,0,11,1,8,11,1,3,23,0
35,4312,0,1,1,3,3,0,15,2,8,16,0,2,14,0
45,13245,1,6,1,4,4,0,0,0,0,17,4,3,14,0
37,13664,0,7,3,1,4,0,5,0,2,16,4,3,13,0
46,5021,1,5,2,2,3,1,4,0,2,16,8,3,22,0
30,5126,1,1,4,4,2,2,10,3,0,10,1,2,12,0
35,2859,0,1,3,2,3,0,6,0,4,6,1,2,18,0
55,10239,0,1,4,1,3,1,1,1,0,24,3,3,14,0
38,5329,1,6,4,2,3,3,13,1,9,17,7,1,12,0
34,4325,0,1,2,1,3,0,5,1,3,5,1,3,15,0
56,7260,0,7,4,4,2,0,6,0,2,37,4,1,11,0
23,2322,0,2,1,3,3,1,0,0,0,3,3,3,13,0
51,2075,0,9,4,4,3,2,4,0,3,10,3,3,23,0
30,4152,0,2,4,3,3,3,11,10,8,11,1,2,19,0
46,9619,0,9,4,3,3,0,9,4,7,9,1,2,16,1
40,13503,0,1,2,3,2,1,22,11,11,22,1,2,22,0
51,5441,1,21,4,3,1,0,10,1,0,11,0,3,22,0
30,5209,1,4,2,3,2,3,11,2,7,11,1,2,12,0
46,10673,1,1,1,3,2,1,10,9,5,21,2,2,13,0
32,5010,0,6,3,2,3,0,11,5,7,12,1,3,16,0
54,13549,0,2,3,1,1,1,4,0,3,16,9,3,12,0
24,4999,0,3,3,1,2,1,3,0,2,4,0,3,21,0
28,4221,0,4,3,2,4,0,5,0,4,5,1,3,15,0
58,13872,0,10,3,4,2,0,37,1,8,38,0,3,13,0
44,2042,0,23,2,2,4,1,3,1,2,17,4,3,12,0
37,2073,1,6,1,3,3,0,3,0,2,7,4,3,22,1
32,2956,0,1,1,4,3,0,1,0,0,1,1,3,13,0
20,2926,1,6,4,4,3,0,1,1,0,1,1,2,18,1
34,4809,0,6,3,1,3,0,16,2,10,16,1,3,14,0
37,5163,0,2,4,3,4,1,1,0,0,17,5,2,14,0
59,18844,0,2,4,3,3,1,3,2,2,30,9,2,21,0
50,18172,1,1,2,1,2,0,8,0,7,28,3,3,19,0
25,5744,1,5,3,3,3,0,6,0,3,6,1,2,11,1
25,2889,0,7,4,4,3,2,2,2,1,2,1,2,11,0
22,2871,0,15,4,2,3,0,0,0,0,1,1,3,15,0
51,7484,0,1,1,1,2,0,13,12,8,23,3,2,20,0
34,6074,1,7,3,1,3,0,9,0,6,9,1,1,24,1
54,17328,1,26,4,4,3,0,5,4,4,23,2,4,12,0
24,2774,0,18,3,2,3,1,5,1,2,6,0,3,12,0
34,4505,0,6,2,3,3,1,1,0,0,12,6,2,15,0
37,7428,0,3,4,3,3,0,5,1,3,12,2,3,12,0
34,11631,0,5,1,3,3,0,11,5,8,14,2,2,12,0
36,9738,0,11,4,2,3,1,9,2,8,10,0,3,14,0
36,2835,0,3,4,1,3,1,1,0,0,7,5,3,22,0
43,16959,1,26,4,3,4,2,25,4,12,25,1,3,12,0
30,2613,0,23,3,1,2,3,10,0,9,10,1,1,25,0
33,6146,0,22,2,3,4,1,7,0,7,8,0,3,13,0
56,4963,1,14,2,2,3,3,5,4,3,7,9,3,18,1
51,19537,0,6,3,1,3,0,20,15,15,23,7,3,13,0
31,6172,1,6,3,2,2,0,7,7,7,12,4,1,18,1
26,2368,0,6,2,3,2,0,5,4,3,5,1,2,19,0
58,10312,0,23,4,4,2,1,40,15,6,40,1,3,12,1
19,1675,1,22,3,4,2,0,0,0,0,0,1,3,19,1
22,2523,0,2,4,3,3,1,2,2,1,3,0,3,14,0
49,6567,0,20,1,3,2,0,15,5,11,16,1,3,14,0
43,4739,0,28,3,2,3,0,3,1,2,18,4,4,12,0
50,9208,0,12,4,3,3,0,2,2,1,16,4,3,11,0
31,4559,1,20,3,2,3,1,2,2,2,4,3,1,11,1
41,8189,1,9,3,3,3,1,9,0,7,12,3,3,13,0
26,2942,0,25,3,3,3,1,8,5,7,8,1,3,23,0
36,4941,0,6,2,2,3,2,3,0,1,7,6,3,20,0
51,10650,0,8,4,1,3,0,4,0,3,18,2,1,15,1
39,5902,0,4,3,4,4,1,15,5,9,17,4,2,14,0
25,8639,0,28,3,1,3,0,2,2,2,6,2,2,18,0
30,6347,1,9,4,3,1,0,11,4,7,12,0,3,19,0
32,4200,0,9,1,1,4,0,5,0,4,10,7,3,22,1
45,3452,0,29,4,3,2,0,6,0,3,9,5,3,13,0
38,4317,1,3,3,4,3,0,3,2,2,19,3,3,20,0
30,2632,0,18,3,1,2,0,5,0,4,5,1,3,14,0
32,4668,0,9,4,4,4,3,8,0,7,9,0,1,17,0
30,3204,0,5,1,4,3,1,3,2,2,8,5,3,14,0
30,2720,0,2,4,2,3,0,5,1,2,6,0,2,13,0
41,17181,0,10,1,4,2,1,7,7,7,21,4,2,13,0
41,2238,0,9,1,3,3,1,5,1,4,7,2,3,21,0
19,1483,0,3,2,2,3,0,1,0,0,1,1,3,14,0
40,5605,0,26,2,2,3,1,20,2,13,20,1,3,11,0
35,7295,0,1,2,3,3,2,10,0,6,10,1,3,13,0
53,2306,1,6,3,2,1,1,7,4,5,13,2,3,20,0
45,2348,0,9,2,2,1,1,17,0,15,20,8,3,18,0
32,8998,0,8,4,2,3,0,9,3,7,9,1,3,14,0
29,4319,0,1,3,4,3,1,10,0,9,10,1,3,13,0
51,6132,0,7,3,2,3,0,1,0,0,10,2,2,17,0
58,3346,1,9,2,2,2,1,1,0,0,9,4,2,20,0
40,10855,0,4,4,3,2,1,12,2,11,15,7,2,11,0
34,2231,0,2,3,3,3,1,4,1,2,6,6,3,18,0
22,2323,0,19,4,3,3,2,2,2,2,2,1,3,24,0
27,2024,0,9,2,4,1,1,2,2,2,6,6,3,18,0
28,2713,0,21,4,3,1,1,5,0,2,5,1,3,11,0
57,9439,1,24,4,3,1,1,5,1,4,12,3,4,16,0
27,2566,1,3,3,3,2,1,1,0,1,1,1,2,15,0
50,19926,0,11,2,3,3,0,5,4,4,21,3,3,15,0
41,2451,0,14,3,1,3,1,9,1,8,13,4,3,12,0
30,9419,0,5,4,2,3,1,10,7,4,12,2,3,12,0
38,8686,0,1,4,1,4,0,8,0,7,12,4,2,22,0
32,3038,0,6,3,3,3,0,5,1,4,8,3,3,20,0
27,3058,1,17,2,3,2,1,5,1,1,6,0,3,16,0
19,2325,0,1,1,3,4,0,0,0,0,1,0,1,21,1
36,2088,0,3,2,4,2,0,8,7,2,13,4,3,12,0
30,3072,0,9,1,3,3,2,12,6,10,12,1,3,11,0
45,5006,1,4,1,3,4,1,5,0,3,9,4,3,11,0
56,4257,1,8,1,3,3,1,2,2,2,19,4,3,18,0
33,2500,0,2,4,3,4,0,3,0,2,4,0,3,14,0
19,1102,0,2,4,2,2,0,1,1,0,1,1,2,22,1
46,10453,0,1,1,2,3,3,24,15,7,24,1,3,25,0
38,2288,0,9,4,3,3,0,2,2,1,2,1,3,12,0
31,3929,1,12,4,3,3,1,4,0,2,7,8,3,23,0
34,2311,0,27,2,4,3,0,3,1,2,9,2,3,15,0
41,3140,1,20,2,2,2,0,4,0,2,4,1,3,22,1
50,3690,0,1,3,3,2,1,3,0,2,5,2,2,15,0
53,4450,0,13,1,4,3,2,4,1,3,5,1,4,11,0
33,2756,0,14,2,4,3,1,8,1,6,8,1,3,13,0
40,19033,0,4,3,4,3,1,20,9,9,21,1,3,14,0
55,18722,0,14,2,3,3,0,24,2,15,36,8,4,11,0
34,9547,0,2,3,4,2,0,10,1,9,10,1,2,17,0
51,13734,0,3,2,4,3,0,7,1,0,21,3,3,18,0
52,19999,0,1,3,3,3,1,33,11,9,34,0,2,14,0
27,2279,0,9,2,4,2,0,7,0,3,7,1,3,16,0
35,5916,1,23,3,2,3,0,1,0,1,8,3,2,13,1
43,2089,0,7,4,4,4,3,5,2,2,7,4,4,14,0
45,16792,0,2,4,1,3,1,20,11,8,22,9,2,23,0
37,3564,1,21,1,2,2,1,8,1,7,8,1,4,12,0
35,4425,0,2,2,2,3,0,6,1,2,10,5,3,11,0
42,5265,0,21,3,3,3,1,5,0,2,11,2,3,16,0
38,6553,0,2,3,4,3,0,1,0,0,14,9,3,14,0
38,6261,0,29,4,4,1,1,7,1,7,9,3,3,18,0
27,4298,0,1,1,3,3,1,2,2,0,6,5,2,19,0
49,6804,1,18,4,4,3,2,7,1,7,7,1,3,15,0
34,3815,1,10,3,4,4,1,5,2,0,5,1,3,17,0
40,2741,1,19,4,3,4,1,7,3,7,15,8,3,15,0
38,6673,1,29,1,2,3,0,1,0,0,17,7,3,19,1
29,7639,0,27,4,2,2,3,10,1,9,10,1,3,22,1
22,2328,1,5,2,4,2,1,4,2,2,4,1,4,16,0
36,2153,0,18,4,2,3,0,8,1,7,8,1,3,13,0
40,4876,0,9,4,4,1,1,3,0,2,5,9,2,14,0
46,9396,0,1,1,4,3,1,4,0,3,17,7,3,16,0
32,10400,0,4,4,4,2,0,14,9,8,14,1,1,11,1
30,8474,0,1,3,3,3,0,11,5,8,12,1,2,22,0
27,9981,0,20,3,4,3,0,7,0,7,7,1,3,14,0
51,12490,0,8,2,2,1,2,10,4,7,16,5,2,16,0
30,2657,1,3,1,4,3,0,5,0,4,8,5,3,11,1
41,13591,1,6,4,4,3,0,1,0,0,16,3,3,18,0
30,6696,0,26,1,3,2,0,6,0,1,9,5,2,15,1
29,2058,0,1,3,3,2,0,6,1,5,7,0,3,14,1
45,8865,0,6,4,4,3,0,19,12,8,23,6,2,12,0
54,5940,0,3,1,4,3,1,6,0,5,16,2,3,14,0
36,5914,0,5,2,4,4,0,13,3,7,16,8,3,16,0
33,2622,0,4,2,3,3,0,3,1,1,7,6,2,21,0
37,12185,1,11,4,2,3,3,10,0,7,10,1,3,14,0
38,10609,0,3,3,1,2,2,16,5,13,17,0,3,12,0
31,4345,0,1,3,3,3,1,5,1,4,6,0,1,12,0
59,2177,0,3,4,3,3,1,1,0,0,7,3,2,17,0
37,2793,0,4,4,1,3,1,9,5,8,13,4,3,17,0
29,7918,0,1,4,2,3,1,11,4,1,11,1,3,14,0
35,8789,0,1,3,3,4,0,10,0,8,10,1,3,14,0
29,2389,1,18,4,3,2,0,4,0,1,4,1,2,13,1
52,3212,0,2,4,3,2,0,2,2,2,6,7,2,15,0
42,19232,0,4,4,3,3,0,22,11,15,22,1,3,11,0
59,2267,0,6,3,2,2,0,2,2,2,7,8,3,17,0
50,19517,0,1,4,4,2,1,7,0,6,32,3,3,11,0
33,2436,1,14,4,3,1,1,5,0,4,8,5,3,13,1
43,16064,1,16,4,4,3,1,17,1,9,22,5,3,22,0
33,2707,0,2,1,1,4,0,9,1,7,13,7,3,20,1
52,19068,1,2,3,1,4,0,33,15,12,33,1,2,18,0
32,3931,0,4,2,3,3,1,4,1,2,6,2,3,11,0
32,3730,1,1,3,4,1,0,3,1,2,4,0,2,14,1
39,2232,0,1,3,3,3,3,3,1,2,7,7,3,14,0
32,4465,0,26,4,3,3,0,3,2,2,4,0,3,18,0
41,3072,0,19,1,3,2,2,1,0,0,17,2,3,16,0
40,3319,0,24,4,1,3,2,9,4,7,9,1,3,17,0
45,19202,0,1,4,3,3,1,24,1,7,25,0,4,11,0
31,13675,0,3,3,2,3,1,2,2,2,9,9,3,12,0
33,2911,0,5,4,3,2,1,2,0,2,2,1,2,13,0
34,5957,0,2,1,4,3,1,11,5,9,13,6,2,13,0
37,3920,0,1,1,3,2,1,3,0,2,17,2,2,14,0
45,6434,0,7,3,1,3,1,3,0,2,9,4,4,17,0
37,10048,0,10,3,1,3,2,1,0,0,17,6,3,11,1
39,10938,0,2,3,3,3,0,19,11,8,20,0,3,25,0
29,2340,0,15,4,3,3,0,6,1,5,6,1,3,19,0
42,6545,1,17,1,4,3,0,3,0,2,10,3,4,13,0
29,6931,0,20,4,4,3,1,3,0,2,10,2,3,14,0
25,4898,0,1,3,1,3,2,4,1,2,5,0,3,12,0
42,2593,1,2,1,4,3,1,9,7,8,10,0,2,11,0
40,19436,0,2,3,1,3,1,21,3,9,22,0,3,19,0
51,2723,0,1,4,3,2,0,1,0,0,1,1,3,11,0
31,3479,0,29,2,3,4,0,5,1,4,6,0,2,11,1
32,2794,0,7,2,2,1,0,5,0,3,5,1,4,20,0
38,5249,0,2,4,4,3,1,8,7,5,13,3,2,18,0
32,2176,0,2,1,4,3,0,6,0,4,9,4,2,13,0
46,16872,1,2,2,3,2,1,7,7,7,28,3,1,12,0
28,3485,0,2,3,1,1,0,0,0,0,5,2,3,11,1
29,6644,0,2,2,1,3,2,0,0,0,10,2,2,19,0
31,5582,0,23,4,2,3,1,9,7,8,10,0,2,21,0
25,4000,0,5,1,2,3,2,6,1,5,6,1,4,12,0
45,13496,1,20,4,3,3,0,20,4,10,21,0,3,14,0
36,3210,0,6,4,4,3,1,15,10,11,16,0,3,11,0
55,19045,1,1,1,4,3,0,36,4,13,37,0,3,14,0
47,11849,1,29,2,1,2,1,10,9,9,10,1,3,12,1
28,2070,0,9,4,4,2,1,5,0,4,5,1,3,23,0
37,6502,0,6,4,3,4,1,5,0,1,7,4,3,14,0
21,3230,0,3,3,4,4,0,3,1,0,3,1,2,17,0
37,13603,1,1,4,1,3,2,5,0,2,15,2,3,18,0
35,11996,0,22,2,2,2,1,7,6,2,10,7,4,18,0
38,5605,1,7,1,1,3,1,8,7,7,8,1,4,24,0
26,6397,0,1,2,3,1,1,6,1,4,6,1,3,20,0
50,19144,0,4,2,1,2,2,10,1,6,28,3,3,14,0
53,17584,1,3,3,3,2,3,5,1,3,21,3,3,16,0
42,4907,0,1,3,2,3,0,20,11,6,20,1,3,25,0
29,4554,0,2,4,2,2,0,10,0,9,10,1,3,18,0
55,5415,1,20,4,2,3,1,10,0,8,12,3,3,19,0
26,4741,1,11,1,1,3,1,5,3,3,5,1,3,13,0
37,2115,0,1,4,4,3,0,17,5,7,17,1,3,12,0
44,3161,1,24,3,4,1,1,1,0,0,19,3,3,22,1
38,5745,0,23,4,4,3,1,2,1,2,10,9,3,14,0
26,2373,1,16,2,1,3,1,3,0,2,5,2,3,13,1
28,3310,0,8,4,4,3,0,5,0,2,5,1,3,21,0
49,18665,1,10,1,3,3,0,3,1,2,22,9,3,11,0
36,4485,0,3,2,3,3,0,8,7,7,10,4,3,12,0
31,2789,0,5,2,4,2,1,2,2,2,2,1,3,11,0
26,5828,1,4,4,4,3,0,8,7,4,8,1,2,12,1
37,2326,1,9,4,2,2,3,4,1,2,4,1,3,12,0
42,13525,0,26,2,3,4,1,20,4,8,23,5,3,14,0
18,1420,0,3,3,3,3,0,0,0,0,0,1,3,13,1
35,8020,0,16,2,3,2,2,11,6,9,12,0,3,15,0
36,3688,0,18,4,3,3,2,1,0,0,4,4,4,18,0
51,5482,0,2,2,4,3,1,4,1,2,13,5,1,18,0
41,16015,0,2,2,4,3,0,22,0,4,22,1,3,19,0
18,1200,0,10,3,4,3,0,0,0,0,0,1,2,12,0
28,5661,0,16,1,2,3,0,8,0,7,9,0,4,19,0
31,6929,0,7,4,2,2,1,8,7,7,10,4,4,11,0
39,9613,0,1,4,3,2,3,18,3,7,19,0,4,17,0
36,5674,0,24,2,2,3,1,9,0,8,11,7,3,15,0
32,5484,0,7,3,4,2,1,13,4,8,13,1,2,14,0
38,12061,0,25,2,1,3,1,10,0,1,19,3,2,17,0
58,5660,1,1,3,4,3,1,5,1,2,12,2,1,13,0
31,4821,1,5,4,3,3,1,5,0,3,6,0,3,12,0
31,6410,0,2,1,1,3,0,2,1,0,9,3,2,12,0
45,5210,0,7,1,1,3,1,24,9,11,24,1,3,18,0
31,2695,1,2,4,3,1,1,2,2,2,3,0,3,18,0
33,11878,0,5,2,4,3,2,10,8,8,12,6,3,11,0
39,17068,1,10,1,3,3,0,21,11,10,21,1,3,14,0
43,2455,0,10,4,3,3,0,8,1,7,9,0,3,19,0
49,13964,1,1,3,3,3,0,7,0,7,25,7,2,12,0
52,4941,0,8,2,3,2,0,8,7,7,11,2,2,15,1
27,2478,1,5,2,3,2,0,4,1,2,4,1,3,12,0
32,5228,1,8,2,3,3,0,13,11,9,13,1,2,11,0
27,4478,1,2,3,4,3,0,5,0,4,5,1,3,11,0
31,7547,0,7,4,4,3,3,7,1,7,13,4,3,12,0
32,5055,0,2,4,1,2,0,7,0,7,10,7,4,16,0
28,3464,1,2,4,1,2,0,3,2,2,5,5,1,13,1
30,5775,0,28,4,4,3,2,10,1,9,11,1,3,13,0
31,8943,0,7,3,3,3,1,10,8,9,10,1,2,24,0
39,19272,0,7,4,3,3,1,21,13,3,21,1,2,15,0
39,5238,1,3,3,4,2,0,1,0,0,12,4,3,18,1
33,4682,0,10,4,2,2,0,7,0,1,9,3,2,14,0
47,18300,0,5,3,4,3,1,3,1,1,21,4,3,11,0
43,5257,0,10,3,3,4,1,9,0,0,9,1,2,11,0
27,6349,1,1,2,3,3,1,5,1,4,6,0,3,13,0
54,4869,0,20,3,4,2,0,4,0,3,20,3,3,12,0
43,9985,0,7,1,3,2,1,1,0,0,10,8,3,16,0
45,3697,0,8,4,4,3,2,10,9,8,12,9,3,14,0
40,7457,1,1,4,2,2,3,4,0,2,6,2,1,22,0
29,2119,1,8,1,2,2,0,7,0,7,7,1,1,11,1
29,3983,0,9,4,2,3,0,3,2,2,4,0,2,17,0
30,6118,0,5,3,4,3,3,10,1,2,10,1,2,13,0
27,6214,0,8,2,2,3,1,8,0,7,8,1,3,18,0
37,6347,0,5,4,4,2,2,6,0,4,8,7,3,16,0
38,11510,1,15,4,3,3,1,11,2,9,12,0,2,14,0
31,7143,1,7,4,3,2,0,11,4,10,11,1,3,14,0
29,8268,1,10,2,4,3,2,7,1,7,7,1,2,14,0
35,8095,0,5,2,3,3,0,16,0,13,17,0,3,13,0
23,2904,0,26,4,3,2,2,4,0,2,4,1,3,12,0
41,6032,1,6,2,4,3,0,5,1,2,8,6,2,15,0
47,2976,0,4,3,2,3,0,0,0,0,5,3,3,19,0
42,15992,0,23,4,1,3,0,1,0,0,16,2,3,14,0
29,4649,0,2,3,4,2,1,4,0,2,4,1,3,14,0
42,2696,1,2,3,3,3,1,3,1,0,4,0,3,11,0
32,2370,0,2,2,3,3,1,8,0,7,8,1,3,13,0
48,12504,0,29,3,1,1,1,0,0,0,15,3,3,21,0
37,5974,1,6,1,3,3,2,7,6,7,13,4,4,13,0
30,4736,1,25,3,4,4,1,2,2,2,4,7,3,12,0
26,5296,0,1,3,3,3,1,8,7,7,8,1,3,17,0
42,6781,0,2,4,1,3,0,1,0,0,14,3,2,23,0
21,2174,1,1,2,1,3,0,3,1,2,3,1,2,11,1
36,6653,0,1,4,4,3,0,1,0,0,7,4,3,15,0
36,9699,0,3,4,1,3,1,13,1,12,16,4,2,11,0
57,6755,0,1,3,4,3,0,3,1,2,15,2,3,11,0
40,2213,1,10,3,4,3,1,7,1,7,10,3,4,13,0
21,2610,0,9,4,1,2,0,3,2,2,3,1,3,24,0
33,2851,1,5,3,4,3,0,1,0,0,1,1,3,13,1
37,3452,0,10,1,3,3,1,5,0,3,17,6,3,20,0
46,5258,0,7,3,3,4,0,1,0,0,7,2,3,14,0
41,9355,0,4,2,1,3,0,8,7,7,8,1,3,18,1
50,10496,0,10,4,4,3,0,4,1,3,20,6,2,15,0
40,6380,1,22,3,3,3,2,6,1,0,8,2,2,12,1
31,2657,1,9,2,3,3,0,2,2,2,3,0,2,16,0
21,2716,0,12,2,3,3,0,1,0,0,1,1,4,15,1
29,2201,0,23,4,4,3,0,3,1,2,6,9,3,16,0
35,6540,0,9,2,3,3,0,1,0,0,10,9,2,19,0
27,3816,0,1,2,4,3,1,5,0,4,5,1,3,11,0
28,5253,0,9,4,2,3,0,7,0,7,7,1,3,16,0
49,10965,0,7,3,2,3,0,5,0,0,26,8,2,24,0
51,4936,0,14,4,3,2,1,7,0,7,18,4,3,11,0
36,2543,0,2,3,4,3,1,2,2,2,6,4,3,13,0
34,5304,1,19,4,1,2,0,5,0,4,9,8,4,13,1
55,16659,1,2,4,3,3,0,5,1,2,30,2,3,13,0
24,4260,1,10,3,4,4,1,5,0,3,5,1,3,12,0
30,2476,0,2,2,3,3,1,1,0,0,1,1,3,18,0
26,3102,0,3,1,3,3,0,6,0,4,7,0,3,22,1
22,2244,0,11,2,1,3,1,2,1,2,2,1,3,13,0
36,7596,0,2,3,2,3,2,10,9,0,10,1,2,13,0
30,2285,1,4,4,3,3,0,1,0,0,3,9,3,23,1
37,3034,0,14,1,4,2,1,18,12,17,18,1,3,12,0
40,5715,0,2,2,4,3,2,5,1,3,8,7,3,12,0
42,2576,0,1,1,2,3,1,5,1,2,8,3,3,16,0
37,4197,1,10,2,3,2,0,1,0,1,18,2,3,12,0
43,14336,0,12,2,1,3,1,25,3,9,25,1,2,11,0
40,3448,0,2,3,2,3,1,1,0,0,20,6,2,22,0
54,19406,0,5,1,1,2,1,4,1,2,24,4,3,11,0
34,6538,0,4,3,3,3,1,3,1,2,6,9,3,15,0
31,4306,0,7,1,2,1,1,13,3,12,13,1,3,12,0
43,2258,0,21,4,4,3,1,3,1,2,8,7,3,20,0
43,4522,1,8,3,3,3,0,5,0,2,8,4,3,14,0
25,4487,1,4,4,2,3,0,5,1,3,5,1,2,11,0
37,4449,1,25,3,2,3,2,13,10,7,15,3,3,15,0
31,2218,0,1,1,4,3,1,4,3,2,4,1,2,12,0
39,19197,1,1,3,2,3,1,21,1,6,21,1,3,14,0
56,13212,0,6,1,3,2,3,7,7,7,36,9,4,11,0
30,6577,0,12,3,2,3,0,5,4,4,6,0,3,11,0
41,8392,0,1,1,2,3,1,10,0,7,10,1,4,16,0
28,4558,0,17,1,3,3,1,10,1,8,10,1,3,12,0
25,4031,0,3,1,1,3,1,2,0,2,6,5,3,13,1
52,7969,1,3,3,4,3,0,5,0,4,28,2,2,14,0
45,2654,0,10,4,1,2,2,2,0,2,8,3,3,21,0
52,16555,0,4,4,4,1,0,5,1,4,31,2,3,13,0
42,4556,0,29,3,1,3,1,5,0,2,19,2,3,11,0
30,6091,0,2,4,3,3,0,5,0,2,11,2,1,20,0
60,19566,0,7,1,1,1,0,29,11,10,33,5,3,11,0
46,4810,0,18,3,3,2,1,10,0,8,19,2,3,14,0
42,4523,0,28,4,4,4,3,6,0,4,7,0,2,11,0
24,3202,1,1,2,1,3,0,5,1,4,6,1,3,16,1
34,2351,0,6,3,4,2,1,2,1,0,3,0,1,16,1
38,1702,1,2,4,4,3,1,1,0,0,1,1,3,23,0
40,18041,0,2,3,3,3,0,20,1,12,21,0,3,14,0
26,2886,0,23,4,1,1,2,3,0,2,3,1,3,22,0
30,2097,0,3,4,3,1,1,5,1,4,9,4,3,15,0
29,11935,0,3,3,2,3,0,10,0,7,10,1,2,18,0
29,2546,0,25,2,3,4,0,2,1,1,6,5,2,16,1
19,2564,0,2,4,1,4,0,1,0,0,1,1,2,12,1
30,8412,0,22,1,3,3,0,9,7,8,10,0,3,11,0
57,14118,0,29,4,1,2,1,1,0,0,32,3,2,12,0
50,17046,0,29,3,2,3,1,27,15,7,28,0,2,15,0
30,2564,0,2,4,3,2,0,11,6,7,12,0,3,14,0
60,10266,0,28,1,3,4,0,18,13,11,22,4,2,19,0
47,5070,0,2,4,1,3,3,5,0,4,20,5,3,13,0
46,17861,0,2,3,1,1,0,3,0,1,26,6,3,13,0
35,4230,0,22,3,4,3,0,5,4,3,6,0,1,15,0
54,3780,0,8,3,3,3,0,1,0,0,19,7,3,11,0
34,2768,0,2,3,4,3,1,7,5,7,14,3,2,12,0
46,9071,1,10,4,3,3,1,3,1,2,15,2,2,19,0
31,10648,0,9,2,3,4,1,13,0,8,13,1,3,25,0
33,13610,1,15,3,2,4,0,7,7,7,15,7,3,12,1
33,3408,0,10,4,1,3,3,4,1,3,8,7,1,13,1
30,2983,0,7,2,4,3,0,3,1,2,4,0,3,14,0
35,7632,1,16,3,4,3,0,8,0,0,10,4,3,12,0
31,9824,0,20,3,1,3,0,1,0,0,12,3,3,12,1
34,9950,1,23,1,2,3,3,3,0,2,11,9,3,15,1
42,2093,0,5,3,2,3,1,2,2,0,8,4,3,17,0
36,9980,0,10,4,2,2,0,10,9,7,10,1,3,14,0
22,3894,0,4,3,3,3,0,2,1,2,4,5,2,16,1
48,4051,0,2,4,2,3,1,9,6,7,14,2,3,14,0
55,16835,0,18,2,1,3,0,10,7,7,37,3,3,23,0
41,6230,0,10,4,4,3,0,14,1,10,16,7,3,14,0
35,4717,0,1,3,2,3,0,11,6,9,15,9,3,11,0
40,13237,0,6,3,2,3,0,20,5,13,22,7,3,15,0
39,3755,0,8,3,3,3,1,8,0,7,8,1,3,11,0
31,6582,1,2,4,2,4,0,6,0,5,10,4,3,13,0
42,7406,1,24,1,4,2,1,10,5,8,10,1,3,21,0
45,4805,0,2,2,4,4,1,8,3,7,9,0,3,19,0
26,2741,1,17,3,2,2,1,7,1,0,8,0,3,11,1
29,4262,0,19,4,4,4,2,3,1,2,8,4,3,12,0
33,16184,0,1,3,1,3,1,6,0,5,10,4,4,19,0
31,11557,0,7,4,3,2,1,5,0,1,10,9,2,21,0
18,1878,1,5,2,2,3,0,0,0,0,0,1,3,14,1
40,10932,0,28,1,3,3,1,1,0,1,20,3,1,15,0
41,6811,1,2,3,1,3,0,8,0,7,10,2,2,17,0
26,4306,0,29,3,1,3,2,0,0,0,8,5,3,12,0
35,4859,0,1,3,1,3,0,5,0,3,5,1,3,16,0
34,5337,0,21,4,4,3,0,10,5,7,10,1,4,12,0
26,2340,1,24,4,3,1,0,1,0,0,1,1,1,18,1
37,7491,0,1,4,2,4,0,6,1,2,12,4,3,17,0
46,10527,0,18,3,1,2,0,2,1,2,28,5,3,11,0
41,16595,0,2,1,2,3,1,18,11,8,22,7,3,16,0
37,8834,0,9,2,1,3,1,9,7,7,9,1,3,13,0
52,5577,1,6,1,4,3,2,10,6,9,18,3,3,12,0
32,4707,0,11,3,4,3,0,4,1,2,6,8,4,12,1
24,2400,0,24,4,4,3,2,2,2,1,3,0,3,13,0
38,9824,0,10,3,3,3,1,1,0,0,18,3,3,19,0
37,6447,0,1,2,2,2,1,6,4,3,8,6,3,12,0
49,19502,1,18,3,4,3,1,31,0,9,31,1,2,17,0
24,2725,1,23,4,2,3,2,6,1,4,6,1,4,11,0
26,6272,0,28,2,1,4,2,5,1,4,6,1,3,20,0
24,2127,0,17,2,4,3,1,1,0,0,1,1,2,21,0
50,18200,0,3,2,1,3,1,32,10,7,32,1,3,11,0
25,2096,0,13,3,2,3,0,7,0,6,7,1,3,11,0
24,2886,1,7,3,1,3,1,6,1,2,6,1,3,16,1
30,2033,0,12,1,2,4,1,1,0,0,1,1,2,18,1
34,3622,1,1,4,2,3,1,6,1,3,6,1,2,13,0
31,4233,0,13,1,2,1,0,3,1,2,9,2,3,17,1
35,3681,0,25,4,1,3,0,3,0,2,9,4,2,14,0
31,5460,0,6,4,1,4,2,7,5,7,13,4,4,22,0
27,2187,0,6,3,1,2,2,5,0,3,6,0,2,12,0
37,9602,1,2,3,4,2,1,3,1,0,17,4,3,11,0
20,2836,0,1,2,4,4,0,1,0,0,1,1,2,13,0
42,4089,0,2,4,3,3,2,10,2,2,10,1,3,13,0
43,16627,1,6,4,2,2,1,1,0,0,21,4,2,14,0
38,2619,0,1,1,3,2,0,0,0,0,8,3,3,17,0
43,5679,1,9,3,4,3,1,8,4,7,10,3,3,13,0
48,15402,0,1,1,4,1,1,3,0,2,21,7,2,11,0
44,5985,0,1,3,1,4,0,2,0,2,10,4,2,11,0
34,2579,1,14,3,3,3,2,8,0,6,8,1,3,18,0
27,3041,0,2,1,3,3,1,4,0,2,5,0,3,11,1
21,3447,0,22,3,3,3,0,3,1,2,3,1,3,11,0
44,19513,1,3,4,4,4,1,2,0,1,26,4,3,12,0
22,2773,0,6,3,1,3,0,2,2,2,3,0,3,20,0
33,7104,0,8,3,3,3,0,5,1,2,6,0,3,12,0
32,6322,1,9,4,1,2,1,6,0,5,6,1,3,12,0
30,2083,0,3,3,3,3,1,1,0,0,1,1,3,20,0
53,8381,0,1,1,4,4,0,14,8,10,18,7,3,20,0
34,2691,0,1,4,2,2,1,10,8,8,10,1,3,12,0
45,4286,0,26,1,1,3,2,1,0,0,5,2,3,14,1
26,2659,1,6,4,3,3,1,3,0,2,3,1,3,13,0
37,9434,0,3,3,3,3,1,10,7,8,10,1,3,15,0
29,5561,0,3,3,2,2,1,6,1,2,6,1,3,14,0
35,6646,0,6,4,2,3,0,17,11,8,17,1,1,13,0
33,7725,0,6,4,3,1,1,13,4,7,15,3,3,23,0
54,10725,0,19,2,3,4,1,9,7,1,16,2,3,15,0
36,8847,1,9,2,2,3,1,3,0,2,13,2,2,11,0
27,2045,0,3,4,1,3,0,4,1,1,5,0,2,13,0
20,1009,1,10,3,4,3,0,1,1,1,1,1,3,11,1
33,3348,1,3,1,1,3,0,10,9,7,10,1,3,11,1
35,1281,0,3,3,3,3,2,1,0,0,1,1,2,18,0
23,2819,0,4,1,1,4,1,3,0,2,5,2,4,16,0
25,4851,0,8,2,4,3,1,3,1,2,4,0,4,22,0
38,4028,0,7,4,4,3,0,7,0,5,8,0,2,20,0
29,2720,0,1,4,2,3,1,10,2,8,10,1,1,18,0
48,8120,0,2,2,2,3,0,2,2,2,12,3,4,12,0
27,4647,1,3,4,4,3,2,6,0,4,6,1,4,20,0
37,4680,0,10,4,4,3,0,1,0,0,4,3,4,17,0
50,3221,1,28,3,4,3,3,20,3,8,20,1,4,11,0
34,8621,0,9,2,4,4,0,8,7,7,9,1,2,14,0
24,4577,0,3,3,1,3,0,2,2,0,4,9,3,14,1
39,4553,0,2,3,4,3,0,20,11,10,20,1,2,11,0
32,5396,0,10,4,4,2,0,10,0,8,10,1,3,12,0
50,6796,1,8,3,2,3,1,4,1,3,18,3,3,14,1
38,7625,0,1,4,2,2,0,9,1,8,10,0,4,13,0
27,7412,0,1,1,3,3,0,9,0,7,9,1,3,11,0
32,11159,0,3,4,3,3,0,7,7,7,10,3,3,15,0
47,4960,0,14,1,4,3,0,7,1,7,20,2,3,12,0
40,10475,1,5,1,4,3,1,18,1,12,20,5,2,21,0
53,14814,0,7,3,3,3,0,5,1,3,32,3,4,19,0
41,19141,0,10,4,2,2,3,21,12,6,23,3,2,15,0
60,5405,0,16,1,1,3,0,2,2,2,10,8,3,14,0
27,8793,0,10,1,4,2,2,9,1,7,9,1,3,21,0
41,19189,0,1,3,4,3,1,22,2,10,22,1,2,12,0
50,3875,0,8,2,4,3,1,2,2,2,4,7,3,15,0
28,2216,1,1,2,1,3,0,7,3,7,10,7,1,13,1
36,11713,0,8,1,1,3,1,8,0,5,10,9,4,14,0
38,7861,1,1,3,3,4,0,1,0,0,10,4,3,14,0
44,3708,0,24,3,1,3,0,5,1,4,9,2,1,14,0
47,13770,1,3,3,4,2,2,22,11,13,28,9,3,12,0
30,5304,0,27,4,3,2,1,8,7,7,10,7,3,23,0
29,2642,0,10,3,3,3,0,1,0,0,1,1,3,11,0
42,2759,1,19,3,3,3,0,2,2,2,7,6,4,12,1
43,6804,0,15,4,4,3,1,2,2,2,7,3,2,18,0
34,6142,0,8,3,2,3,0,5,4,3,10,3,3,11,0
23,2500,0,9,1,2,4,1,4,0,2,5,1,3,14,0
39,6389,0,3,2,3,1,1,8,3,6,12,9,4,15,0
56,11103,0,9,4,3,2,0,10,1,1,30,7,3,11,0
40,2342,1,2,4,4,2,0,4,2,3,5,0,2,20,0
27,6811,0,7,1,4,1,0,7,0,7,9,8,2,19,0
29,2297,0,10,2,4,3,2,2,2,2,2,1,3,14,0
53,2450,0,6,4,4,3,0,2,2,2,19,2,3,17,0
35,5093,0,2,1,4,4,1,1,0,0,16,2,3,11,0
32,5309,0,24,4,1,3,2,10,4,7,10,1,3,15,0
38,3057,1,2,3,4,1,1,1,0,1,6,6,3,13,0
34,5121,0,8,1,2,3,1,0,0,0,7,3,3,14,0
52,16856,0,3,1,3,4,0,34,1,16,34,1,2,11,0
33,2686,1,1,4,4,2,0,10,7,8,10,1,3,13,1
25,6180,0,26,4,3,2,0,6,1,4,6,1,3,23,0
45,6632,0,2,3,2,3,0,8,3,1,9,0,1,13,0
23,3505,0,10,3,1,3,0,2,0,2,2,1,4,18,0
47,6397,1,27,3,2,3,0,5,1,3,8,4,4,12,1
34,6274,0,2,4,4,3,0,6,1,4,6,1,3,22,0
55,19859,1,2,1,4,3,1,5,1,4,24,5,3,13,1
36,7587,0,8,1,1,3,0,10,0,9,10,1,2,15,0
52,4258,0,19,4,4,3,1,4,1,2,5,0,3,18,0
26,4364,0,1,4,1,3,1,2,2,0,5,3,1,14,0
29,4335,0,27,3,2,2,1,8,1,1,11,4,3,12,0
26,5326,0,8,1,4,2,0,4,1,2,6,6,2,17,1
34,3280,0,1,4,2,3,0,4,1,3,10,2,4,16,0
54,5485,1,19,1,4,3,2,5,1,4,9,9,3,11,0
27,4342,0,8,4,3,3,1,4,1,1,5,0,3,19,0
37,2782,1,10,1,4,2,2,5,4,3,6,0,3,13,0
38,5980,1,2,1,1,3,0,15,4,12,17,6,4,12,0
34,4381,0,2,1,3,3,0,6,1,3,6,1,2,11,0
35,2572,0,8,4,1,2,1,3,0,2,3,1,3,16,0
30,3833,0,1,3,4,3,2,2,0,2,7,3,1,21,0
40,4244,0,2,2,3,3,1,8,3,7,8,1,4,24,0
34,6500,0,8,1,3,3,1,3,1,2,6,5,3,17,0
42,18430,0,8,4,2,2,1,24,14,9,24,1,3,13,0
23,1601,1,6,1,3,3,2,0,0,0,1,1,4,21,1
24,2694,0,9,2,3,3,3,1,0,0,1,1,2,11,0
52,3149,0,11,3,4,3,1,5,1,4,9,8,3,20,0
50,17639,0,2,3,3,3,0,4,0,3,30,5,3,16,0
29,2319,1,1,1,2,3,1,1,0,0,1,1,2,11,1
33,11691,0,7,3,3,4,0,13,3,7,14,0,3,11,0
33,5324,0,16,1,1,3,0,3,0,2,6,5,3,15,1
47,16752,1,2,4,3,2,1,26,3,0,26,1,3,11,0
36,5228,0,1,2,3,3,1,9,0,5,10,0,3,15,0
29,2700,0,23,3,3,3,1,10,0,7,10,1,4,24,0
58,19246,1,2,2,4,3,0,31,13,8,40,7,3,12,1
35,2506,0,1,3,4,3,0,2,2,2,7,3,4,13,0
42,6062,1,1,4,4,3,1,4,0,2,8,9,2,13,0
28,4382,0,2,3,3,2,0,2,2,1,5,6,3,17,1
36,2143,0,13,2,3,3,1,5,0,4,8,4,3,13,0
32,6162,0,4,3,3,3,1,14,6,8,14,1,2,12,0
40,5094,0,16,3,1,3,0,1,0,0,10,6,2,14,0
30,6877,1,2,4,3,2,0,0,0,0,12,5,2,24,0
45,2274,0,2,3,2,3,0,1,0,0,1,1,2,14,0
42,4434,0,29,2,2,2,1,9,7,8,10,1,3,13,0
38,6288,0,12,1,1,2,1,4,1,2,13,2,2,15,0
34,2553,0,16,4,3,3,0,5,1,3,6,1,2,16,0
49,7654,0,11,4,3,4,2,9,7,7,9,1,3,18,1
55,5160,0,2,4,3,2,0,9,7,3,12,4,3,16,1
43,17159,0,14,1,2,3,1,4,1,0,22,6,3,24,0
27,12808,1,5,4,3,3,1,9,0,8,9,1,2,16,0
35,10221,0,7,3,3,4,0,8,1,6,17,3,3,21,0
28,4779,1,2,2,2,3,0,8,7,5,8,1,3,20,0
34,3737,0,3,4,3,1,1,3,0,2,4,0,3,19,0
26,2366,1,5,3,3,3,1,8,1,7,8,1,2,14,1
27,1706,0,3,4,4,2,3,0,0,0,0,1,3,11,0
51,16307,0,26,3,1,2,1,20,4,17,29,2,3,14,0
44,5933,0,4,2,4,2,0,5,2,3,10,9,3,12,0
25,3424,0,2,1,1,2,0,4,0,1,6,7,4,13,0
33,4037,0,1,1,1,3,1,9,0,8,9,1,4,22,0
35,2559,0,27,1,3,2,0,6,1,1,6,1,2,11,0
36,6201,1,1,4,2,2,1,18,4,11,18,1,3,14,0
32,4403,0,13,4,2,2,1,5,0,3,8,2,3,11,0
30,3761,0,5,4,2,2,1,5,0,3,10,9,2,12,0
53,10934,1,7,4,1,3,1,5,0,4,35,7,2,18,0
45,10761,1,9,1,4,3,1,5,0,2,18,4,3,12,0
32,5175,0,8,3,3,2,1,5,1,3,9,5,4,12,0
52,13826,0,25,4,3,3,0,9,0,0,31,3,2,22,0
37,6334,0,16,3,4,3,2,1,0,0,9,4,2,19,0
28,4936,0,8,4,2,3,1,5,0,4,6,1,2,13,0
22,4775,0,1,4,4,1,2,2,2,2,4,6,2,22,0
44,2818,1,8,4,1,2,1,3,0,2,10,2,4,24,0
42,2515,1,2,4,2,3,0,2,2,2,8,5,3,14,0
36,2342,0,8,1,1,3,0,5,0,3,6,0,2,21,0
25,4194,1,3,1,3,3,0,5,0,3,5,1,3,18,0
35,10685,1,9,3,4,3,1,17,5,15,17,1,2,20,0
35,2022,1,25,2,4,2,1,10,7,8,10,1,3,19,1
32,2314,0,1,4,4,3,1,3,0,2,4,0,3,12,0
25,4256,0,4,1,3,4,0,5,0,3,5,1,2,12,0
49,3580,0,1,1,3,3,1,4,0,2,7,2,3,16,0
24,3162,0,4,4,1,2,0,5,3,4,6,0,2,17,0
32,6524,0,5,2,2,3,1,10,5,3,10,1,3,14,0
38,2899,0,9,2,2,3,1,2,1,2,3,0,2,19,0
42,5231,1,3,4,3,2,1,5,1,3,17,2,4,13,0
31,2356,1,11,4,4,3,1,6,0,2,8,3,3,19,0
29,2800,1,1,3,2,3,3,3,0,2,5,6,2,19,1
53,11836,0,8,4,1,3,1,2,2,2,28,5,3,14,0
35,10903,0,25,2,4,3,0,13,4,8,16,3,2,16,0
37,2973,0,21,4,3,3,1,5,0,0,10,5,3,15,0
53,14275,0,23,4,4,3,0,12,3,8,33,6,3,18,0
43,5562,0,1,4,4,2,1,5,2,2,12,4,3,13,0
47,4537,1,2,4,3,3,1,7,7,7,8,0,3,22,0
37,7642,1,19,2,1,3,0,10,0,9,10,1,3,13,0
50,17924,0,2,1,1,3,1,31,14,7,31,1,3,11,0
39,5204,0,2,4,4,3,2,5,0,4,13,8,2,11,0
33,2277,1,3,2,4,4,1,4,0,3,7,3,3,11,0
32,2795,1,25,4,1,1,0,1,0,1,1,1,3,24,1
29,2532,0,7,4,1,3,3,4,0,3,8,6,2,14,0
44,2559,1,9,1,2,3,0,8,7,1,8,1,3,13,0
28,4908,0,5,4,1,3,0,4,0,2,4,1,3,14,0
58,2380,1,2,4,4,2,1,1,0,0,3,9,2,14,1
43,4765,0,8,2,1,4,1,1,0,0,4,4,3,21,0
20,2044,0,2,3,3,2,0,2,0,2,2,1,2,13,1
21,2693,0,18,4,4,2,0,1,0,0,1,1,3,19,1
36,6586,1,14,4,3,2,1,16,4,11,17,0,3,17,0
47,3294,1,2,4,4,2,0,3,1,2,3,1,2,18,0
22,4171,1,3,3,2,4,1,3,0,2,4,0,3,19,1
41,2778,1,2,4,2,2,1,7,1,0,10,4,1,13,1
28,2377,0,9,3,3,3,1,2,2,2,6,5,3,18,0
39,2404,1,6,1,4,1,0,2,2,2,8,7,3,21,1
27,2318,0,4,3,2,3,0,1,0,0,1,1,3,19,0
34,2008,0,10,2,2,3,2,1,1,0,1,1,3,14,0
42,6244,0,14,3,3,3,0,5,0,3,10,7,2,17,0
33,2799,1,1,1,3,3,0,3,0,2,6,3,2,11,0
58,10552,1,5,2,3,3,1,6,0,4,24,2,2,13,0
31,2329,0,7,3,2,4,0,7,5,2,13,3,2,15,0
35,4014,1,21,4,4,1,1,10,0,7,10,1,3,25,0
49,7403,0,8,2,1,2,1,26,1,7,29,4,3,11,0
48,2259,0,20,3,4,2,2,0,0,0,13,4,3,17,0
31,6932,0,20,3,4,2,1,9,0,0,9,1,3,13,0
36,4678,0,7,4,2,3,0,6,0,1,8,2,3,18,0
38,13582,0,1,1,4,3,1,15,5,11,15,1,3,13,0
32,2332,0,1,2,3,3,0,3,0,2,5,6,2,20,0
25,2413,1,19,2,3,3,3,1,0,0,1,1,2,18,1
40,9705,0,10,2,1,2,1,1,0,0,11,2,2,12,0
26,4294,0,1,1,3,3,0,7,0,7,7,1,2,12,0
41,4721,1,6,1,4,3,0,18,2,17,20,2,3,13,0
36,2519,0,2,3,3,3,0,11,3,9,16,4,3,21,0
19,2121,1,21,2,4,4,0,1,0,0,1,1,2,13,1
20,2973,0,4,1,1,3,0,1,0,0,1,1,3,19,1
31,5855,1,12,4,4,1,2,9,8,5,10,0,3,11,0
40,3617,1,9,2,4,3,1,1,0,0,3,8,3,14,0
32,6725,0,3,1,3,4,1,8,6,3,8,1,3,12,0
36,10325,1,3,4,3,3,1,16,3,7,16,1,2,11,1
33,6949,0,1,4,2,3,0,5,1,4,6,0,2,14,0
37,10609,0,1,3,1,1,0,14,11,7,17,5,2,11,1
45,4447,0,4,2,3,2,0,9,0,8,9,1,3,12,0
29,2157,0,20,4,3,3,1,3,0,2,3,1,3,15,0
35,4601,0,18,3,3,3,0,5,1,0,5,1,3,16,0
52,17099,0,1,4,4,2,1,9,7,8,26,2,3,15,0
58,2479,0,2,3,4,3,0,1,0,0,7,4,3,24,1
53,14852,0,2,3,3,4,1,17,15,2,22,6,3,13,0
30,7264,0,8,3,3,4,1,8,7,7,10,5,3,11,0
38,5666,1,10,4,3,3,0,5,1,3,6,1,3,13,0
35,7823,0,3,4,4,3,1,10,0,8,12,6,3,13,0
39,7880,0,2,3,1,3,0,8,0,7,9,0,4,18,0
40,13194,1,24,2,2,2,0,1,0,0,22,4,4,16,1
47,5067,1,16,3,3,4,0,19,2,7,20,1,4,19,0
36,5079,0,8,4,1,3,2,7,0,7,12,4,3,13,0
31,2321,1,9,1,3,3,0,3,1,2,4,0,2,22,1
33,17444,0,17,3,4,3,0,10,6,0,10,1,3,11,0
29,2404,1,10,1,4,3,0,0,0,0,3,6,2,20,1
33,3452,0,13,4,2,3,0,3,0,2,5,3,3,18,0
45,2270,0,1,4,4,3,2,5,0,2,8,3,3,14,0
50,17399,0,1,4,4,2,1,5,1,3,32,9,3,22,0
33,5488,1,1,2,3,3,1,6,1,2,6,1,4,13,0
41,19419,0,9,3,1,4,1,18,0,11,21,2,3,17,0
27,2811,0,16,2,3,3,1,2,2,2,4,9,3,14,0
45,3633,1,23,1,4,3,1,9,0,8,9,1,3,15,0
47,4163,1,4,4,4,3,0,9,0,7,9,1,3,17,0
30,2132,1,22,3,1,3,0,5,0,1,7,4,3,11,1
50,13973,1,24,3,4,3,1,12,1,5,22,3,3,18,0
38,2684,0,10,3,3,2,1,2,0,2,3,0,3,17,0
46,10845,0,7,3,4,3,1,8,0,7,13,6,3,13,0
24,4377,0,17,3,4,3,2,4,3,2,5,1,2,15,0
35,3743,1,14,2,3,1,1,4,0,2,5,1,2,24,1
31,4148,0,1,1,3,3,1,4,0,3,4,1,3,12,0
18,1051,0,5,4,2,3,0,0,0,0,0,1,3,15,0
54,10739,0,17,3,3,3,1,10,0,8,22,8,3,11,0
35,10388,1,25,3,3,2,1,16,10,1,16,1,3,11,0
30,11416,1,8,1,2,2,3,8,1,7,9,0,4,12,0
20,2600,1,11,1,4,3,0,1,0,0,1,1,2,15,1
30,2422,0,5,2,2,3,0,3,1,2,4,0,3,17,1
26,5472,0,2,4,4,3,0,8,1,3,8,1,4,12,0
22,2451,0,8,1,2,2,1,4,1,1,4,1,1,15,0
48,4240,0,6,3,1,3,0,2,2,2,19,2,2,13,0
48,10999,0,4,3,3,3,0,15,4,8,27,7,2,14,0
41,5003,0,7,3,4,3,0,2,2,1,8,6,3,14,0
39,12742,0,1,4,4,3,1,21,11,8,21,1,2,16,0
27,4227,0,2,4,1,3,1,3,2,2,4,0,3,18,0
35,3917,0,10,4,2,2,1,3,1,2,3,1,3,20,0
42,18303,0,5,3,4,4,0,1,0,0,21,6,3,13,0
50,2380,0,9,4,1,3,0,1,0,0,8,4,3,18,0
59,13726,1,2,4,3,3,0,5,4,3,30,3,2,13,0
37,4777,0,11,2,1,1,0,1,0,0,15,5,1,15,1
55,6385,1,18,2,3,3,2,8,6,7,17,3,3,14,0
41,19973,0,7,3,2,3,2,21,5,10,21,1,1,22,0
38,6861,1,3,4,2,3,0,1,0,0,19,8,3,12,0
26,4969,0,29,1,2,3,0,2,2,2,7,8,1,18,1
52,19845,0,2,4,1,3,1,32,6,9,33,1,1,15,1
44,13320,1,28,4,4,3,1,12,11,11,23,3,4,18,0
50,6347,0,1,3,4,3,1,18,0,13,19,0,3,12,0
36,2743,0,16,1,3,3,0,17,15,14,18,1,4,16,1
39,10880,1,22,1,4,3,0,21,2,8,21,1,3,13,0
33,2342,0,8,4,2,2,0,2,2,2,3,0,2,19,0
45,17650,0,11,4,4,4,1,9,1,1,26,3,3,13,0
32,4025,0,29,3,4,3,0,8,7,7,10,9,3,12,0
34,9725,0,1,4,2,2,1,15,0,9,16,0,4,11,0
59,11904,1,1,4,2,1,1,6,0,4,14,3,3,14,0
45,2177,0,24,2,2,3,0,6,0,4,6,1,3,16,0
53,7525,0,2,2,3,3,1,15,6,12,30,2,2,12,0
36,4834,0,15,3,1,2,1,1,0,0,9,7,3,14,1
26,2042,1,2,1,1,3,1,3,1,2,6,6,3,14,1
34,2220,1,10,3,3,3,1,1,0,0,1,1,3,19,0
28,1052,0,10,2,4,3,0,1,0,0,1,1,3,22,0
38,2821,0,3,3,3,3,1,2,2,2,8,3,3,16,0
50,19237,1,2,3,2,2,1,8,7,7,29,2,3,11,0
37,4107,0,3,2,4,2,0,4,0,1,8,3,3,15,0
40,8396,0,26,1,3,2,1,7,7,5,8,1,3,14,0
26,2007,0,1,3,1,3,2,5,1,3,5,1,2,13,0
46,19627,0,1,4,4,3,2,2,2,2,23,9,3,17,0
54,10686,0,2,3,3,3,1,9,7,0,13,6,2,11,0
56,2942,0,9,3,1,3,1,5,0,3,18,2,3,19,0
36,8858,0,12,4,4,2,0,14,7,8,15,0,2,11,0
55,16756,0,2,1,3,4,0,9,6,2,31,7,2,15,0
43,10798,0,25,4,3,3,1,1,0,0,18,5,2,13,0
20,2323,1,9,4,4,3,0,2,0,2,2,1,3,14,1
21,1416,0,10,1,3,2,0,1,1,0,1,1,2,13,1
46,4615,1,8,1,4,3,3,16,1,7,19,8,2,23,0
51,2461,1,4,3,1,4,3,10,2,7,18,9,3,12,1
28,8722,0,24,1,2,2,0,10,1,9,10,1,2,12,1
26,3955,0,1,1,1,3,2,5,1,3,6,1,2,16,0
30,9957,0,20,1,3,2,1,6,0,2,7,0,3,15,0
41,3376,0,7,3,2,3,0,10,0,8,10,1,4,13,0
38,8823,0,17,3,3,2,1,19,1,9,20,0,2,18,0
40,10322,0,20,4,1,3,1,11,11,1,14,4,3,20,0
27,4621,0,8,3,1,3,3,3,1,2,3,1,1,19,0
55,10976,0,2,2,4,3,1,3,1,2,23,3,3,18,0
28,3660,0,10,3,3,4,0,8,1,7,10,3,3,13,0
44,10482,0,1,1,2,3,1,20,3,6,24,9,2,14,1
33,7119,0,5,4,4,3,1,3,1,2,9,4,2,15,0
35,9582,1,4,1,4,3,0,8,4,7,9,0,3,22,1
33,4508,0,29,3,1,3,0,13,3,8,14,1,2,22,1
28,2207,0,15,3,1,2,1,4,2,2,4,1,3,16,0
34,7756,0,3,4,1,2,0,6,0,4,7,0,3,17,0
37,6694,1,10,4,4,3,3,1,0,0,8,2,2,14,0
25,3691,1,4,4,4,4,1,7,5,6,7,1,3,15,1
26,2377,0,21,3,1,2,1,1,0,0,1,1,3,20,1
33,2313,1,25,2,1,3,0,2,2,2,5,4,2,20,1
42,17665,0,2,1,4,3,1,22,13,7,23,0,3,17,0
28,2596,0,1,2,1,3,2,1,0,0,1,1,2,15,1
50,4728,1,1,3,4,3,0,0,0,0,5,3,3,14,1
33,4302,0,7,2,4,3,1,3,0,2,4,0,3,17,0
34,2979,0,3,4,3,3,3,0,0,0,6,3,2,17,0
48,16885,0,1,4,1,2,0,5,2,1,27,2,4,22,0
45,5593,0,9,3,2,3,1,15,4,12,15,1,2,13,0
52,10445,0,7,2,2,3,0,8,4,0,18,7,3,19,0
38,8740,1,10,3,3,3,2,8,2,7,9,0,2,14,0
29,2514,0,28,4,3,3,1,7,1,7,11,4,3,22,0
28,7655,0,3,2,4,2,3,9,1,7,10,0,3,17,0
46,17465,0,3,3,1,3,1,12,4,9,23,3,3,12,0
38,7351,0,2,2,4,3,0,1,0,0,10,7,3,16,0
43,10820,0,27,1,3,3,1,8,0,1,18,8,3,11,0
39,12169,0,2,4,1,3,3,18,11,5,21,7,3,11,1
40,19626,0,14,3,3,4,0,20,4,9,21,1,2,14,0
21,2070,1,1,2,4,4,0,2,2,2,2,1,2,11,0
39,6782,0,9,2,3,2,0,5,0,3,9,9,3,15,0
36,7779,0,18,4,1,3,0,11,0,9,18,2,3,20,0
31,2791,0,20,4,3,3,1,2,2,2,3,0,4,12,0
28,3201,0,2,2,1,1,0,5,0,4,6,0,2,17,0
35,4968,0,11,4,4,3,1,5,0,2,5,1,3,11,0
49,13120,0,8,2,4,3,1,9,2,3,22,6,2,17,0
34,4033,0,2,3,4,2,0,3,0,2,5,2,3,11,0
29,3291,0,10,2,4,2,2,7,1,1,8,0,3,14,0
42,4272,0,29,4,2,3,0,1,0,0,16,4,1,19,0
29,5056,1,8,4,2,2,1,10,1,2,10,1,2,15,0
38,2844,0,1,3,3,4,1,7,5,0,7,1,4,13,0
28,2703,1,6,3,3,3,1,3,0,2,3,1,2,14,0
18,1904,0,8,3,3,3,0,0,0,0,0,1,3,12,1
33,8224,1,9,1,1,3,0,5,0,3,6,0,3,17,1
41,4766,1,12,4,2,3,1,1,0,0,6,3,3,11,0
31,2610,0,15,3,3,2,1,2,2,2,2,1,3,12,1
37,5731,0,25,4,3,3,2,6,1,3,9,7,2,13,0
27,2539,0,6,3,4,3,1,4,2,2,4,1,2,13,0
34,5714,0,9,3,2,2,0,6,1,3,6,1,3,20,0
35,4323,0,8,3,3,1,0,5,1,4,6,1,3,17,0
29,7336,0,23,1,4,1,1,11,3,10,11,1,2,13,1
40,13499,0,9,3,2,2,0,18,2,13,20,9,3,17,0
42,13758,1,12,1,3,2,0,21,13,14,22,0,3,12,1
42,5155,0,4,1,2,4,0,6,1,5,9,7,3,13,0
35,2258,0,1,3,4,3,1,8,1,7,10,6,2,12,0
24,3597,0,24,2,4,3,0,4,1,2,6,8,3,22,0
28,2515,1,12,4,3,2,0,1,0,0,1,1,3,11,1
26,4420,0,3,4,1,3,1,8,0,7,8,1,4,22,0
30,6578,0,10,3,3,3,1,10,1,4,10,1,2,18,0
40,4422,1,26,4,3,1,1,1,0,0,16,3,2,13,0
35,10274,0,2,2,3,4,1,7,6,4,15,2,2,18,0
34,5343,0,1,1,4,3,0,13,4,9,14,0,2,20,0
35,2376,0,4,4,4,4,1,2,2,2,2,1,2,13,0
43,5346,0,9,3,1,2,0,4,1,3,7,8,1,13,1
32,2827,0,2,1,3,3,3,1,0,0,1,1,3,12,0
56,19943,0,4,1,4,3,1,5,4,2,28,4,3,13,0
29,3131,0,6,4,2,3,1,10,0,8,10,1,3,13,0
19,2552,0,9,1,3,3,0,1,0,0,1,1,3,25,0
45,4477,1,7,3,1,2,1,3,0,2,7,4,3,19,0
37,6474,0,1,4,4,2,1,14,3,11,14,1,2,13,0
20,3033,0,3,3,1,2,0,2,1,2,2,1,2,12,0
44,2936,1,10,3,3,3,0,6,0,2,6,1,3,11,1
53,18606,0,7,3,4,3,1,7,4,7,26,3,3,18,0
29,2168,1,15,4,2,2,1,5,1,3,6,0,1,18,0
22,2853,1,3,4,3,3,1,0,0,0,1,0,2,11,1
46,17048,0,2,1,3,3,0,26,15,9,28,8,3,23,0
44,2290,0,17,3,4,3,0,0,0,0,6,2,1,13,0
33,3600,0,2,3,2,3,1,5,1,4,5,1,3,13,0
41,2107,0,5,1,1,1,1,1,0,0,5,6,2,17,1
30,4115,0,29,1,3,3,3,4,0,3,8,8,3,19,0
40,4327,0,2,2,2,3,3,0,0,0,5,5,3,12,0
50,17856,0,2,1,4,3,1,2,2,2,32,2,3,22,0
28,3196,0,19,1,4,3,3,6,3,3,6,1,2,12,0
46,19081,0,15,2,4,3,1,4,0,3,25,5,3,11,0
35,8966,1,17,1,3,3,3,7,1,7,15,3,3,15,0
24,2210,0,17,2,4,1,1,1,0,0,1,1,3,13,1
33,4539,0,25,3,2,2,1,10,0,1,10,1,3,12,0
36,2741,0,6,3,3,3,1,7,1,7,7,1,1,14,0
30,3491,0,7,3,3,2,3,10,8,9,10,1,3,13,0
44,4541,0,29,4,4,3,0,20,13,17,20,1,3,25,0
20,2678,0,21,4,3,3,0,2,2,2,2,1,4,17,0
46,7379,0,2,4,4,2,1,6,1,4,12,2,3,11,0
42,6272,0,2,1,4,4,1,4,0,3,10,7,4,16,0
60,5220,1,7,4,2,3,1,11,1,9,12,0,4,18,0
32,2743,0,13,2,3,3,1,2,2,2,2,1,2,20,0
32,4998,1,2,3,4,3,0,8,0,7,10,4,3,14,0
36,10252,1,1,1,3,3,1,7,7,7,17,2,1,21,0
33,2781,0,9,4,1,3,1,14,4,10,15,0,3,13,0
40,6852,0,10,2,2,4,1,5,1,3,7,7,2,12,0
25,4950,0,10,4,3,3,0,4,1,1,5,0,3,14,0
30,3579,1,1,2,4,3,1,11,5,7,12,0,3,21,0
42,13191,1,26,1,1,3,0,1,0,0,20,3,3,17,0
35,10377,1,8,4,3,2,1,13,4,12,16,4,2,11,0
27,2235,1,14,1,1,2,2,9,6,8,9,1,3,14,0
54,10502,0,1,3,4,1,1,5,1,4,33,7,3,17,0
44,2011,0,2,4,1,3,1,10,7,7,10,1,4,13,0
19,1859,1,10,2,1,4,0,1,0,0,1,1,2,25,1
29,3760,0,1,4,1,3,3,3,1,2,3,1,3,15,0
54,17779,0,3,4,4,3,0,10,0,9,36,3,3,14,0
31,6833,1,11,1,3,2,0,6,0,1,6,1,3,12,0
31,6812,0,24,1,3,3,0,10,1,8,10,1,2,19,0
59,5171,0,3,4,3,3,0,6,0,5,13,5,2,17,0
43,19740,0,3,4,3,3,1,8,0,7,25,3,1,14,0
49,18711,0,4,3,1,4,1,1,0,0,23,2,2,13,0
36,3692,0,3,2,3,2,0,11,0,7,12,1,3,12,0
48,2559,0,2,2,4,2,0,1,0,0,7,5,4,11,0
27,2517,0,4,3,1,3,3,5,0,3,5,1,3,11,0
29,6623,1,7,4,3,3,2,6,1,0,6,1,3,11,0
48,18265,0,1,4,4,4,0,1,0,0,25,6,2,12,0
29,16124,0,1,4,4,2,2,7,1,7,9,3,2,14,0
34,2585,0,20,3,3,2,0,1,0,0,2,0,4,17,0
44,18213,0,5,2,2,3,1,22,3,10,26,7,3,11,0
33,8380,1,10,3,4,3,2,9,0,8,10,0,4,14,0
19,2994,1,25,4,2,3,0,1,0,1,1,1,4,12,0
23,1223,0,1,3,4,3,1,1,0,1,1,1,3,22,0
25,1118,1,24,4,3,3,0,1,1,0,1,1,1,14,1
26,2875,1,4,4,3,2,0,8,2,2,8,1,3,20,0
45,18824,1,2,2,1,3,0,24,1,11,26,2,1,16,1
55,13577,1,8,2,4,3,1,33,15,0,34,1,2,15,0
21,2625,0,10,3,1,1,0,2,2,2,2,1,2,20,1
46,18789,0,4,2,4,3,1,11,0,8,26,2,2,14,0
34,4538,1,2,1,3,3,0,3,0,2,4,0,3,12,0
51,19847,1,9,2,4,2,1,29,11,10,31,4,3,24,0
59,10512,0,18,4,4,2,0,9,5,4,25,6,3,12,0
34,4444,0,19,2,3,4,2,11,5,10,15,4,3,13,0
28,2154,1,1,3,4,2,0,4,0,2,5,0,3,11,0
44,19190,0,4,1,3,2,2,25,14,13,26,1,4,14,0
34,4490,0,11,2,3,4,2,10,1,8,14,4,2,11,0
35,3506,1,6,3,3,3,0,3,2,2,4,0,3,14,0
42,2372,1,7,2,2,3,0,1,0,0,18,6,4,16,0
43,10231,0,4,4,4,4,0,21,15,17,23,3,2,14,0
36,5410,1,2,2,3,3,0,16,5,12,18,9,3,11,0
44,7978,0,15,4,1,3,1,10,0,5,10,1,3,11,1
28,3867,1,2,4,4,3,1,2,2,2,2,1,2,12,0
51,2838,0,6,3,2,2,0,7,7,7,8,0,2,14,0
30,4695,1,9,3,3,3,0,8,1,7,10,7,3,18,0
29,3339,1,7,3,2,3,2,7,7,7,10,3,3,13,1
28,2080,0,1,1,4,2,0,3,1,2,5,2,3,11,0
25,2096,0,1,2,4,2,0,2,2,1,2,1,3,18,0
32,6209,0,8,4,3,4,2,10,0,8,10,1,4,15,0
45,18061,0,25,2,2,3,0,0,0,0,22,3,3,22,0
39,17123,1,13,2,3,3,2,19,15,2,21,6,2,13,0
58,2372,0,23,3,1,3,2,2,2,2,2,1,3,12,0
32,4883,0,7,3,4,3,1,10,1,1,10,1,3,18,1
39,3904,0,23,1,3,3,0,5,0,3,6,0,3,13,1
30,4627,0,6,4,1,3,1,9,6,7,10,0,2,12,0
36,7094,0,10,3,4,3,0,7,1,7,10,3,3,12,0
46,3423,0,1,1,4,4,0,7,5,7,10,6,3,12,0
28,6674,0,1,4,3,3,3,9,7,5,10,0,1,11,0
50,16880,1,28,1,4,3,0,3,1,2,25,4,3,11,0
40,9094,1,25,2,4,3,0,5,1,0,9,2,2,12,1
52,8446,1,5,2,2,2,0,8,7,7,10,9,3,19,1
30,11916,1,17,1,2,3,2,9,0,8,9,1,3,23,0
39,4534,0,18,3,1,3,0,8,1,7,9,0,3,11,0
31,9852,1,2,3,4,2,1,10,9,6,10,1,3,19,0
41,6151,0,10,2,3,3,0,19,11,9,19,1,1,13,0
31,2302,1,1,2,4,4,0,3,2,2,3,1,3,11,1
44,2362,0,3,1,1,4,0,3,1,2,10,4,3,12,1
42,17861,1,2,3,3,2,0,20,2,10,21,0,3,13,0
55,19187,0,2,3,4,3,1,19,9,11,23,4,1,14,0
56,19717,0,8,2,4,3,0,7,7,7,36,6,3,14,0
40,3544,0,16,3,3,3,1,4,0,0,6,9,3,16,0
34,8500,0,9,4,4,2,1,9,1,6,10,0,3,11,0
40,4661,0,2,4,3,3,0,9,8,8,9,1,3,13,0
41,4103,0,1,1,3,3,1,9,1,7,10,0,3,17,0
35,4249,1,4,3,3,3,0,9,1,1,9,1,3,11,0
51,14026,1,5,2,3,3,1,33,0,10,33,1,3,11,0
38,6893,0,2,1,2,3,1,7,1,7,11,3,3,15,0
34,6125,0,15,1,3,4,0,10,9,6,10,1,3,12,0
25,3669,0,19,4,4,2,3,3,1,2,7,3,3,11,0
58,10008,1,7,1,3,2,0,10,5,9,31,7,2,14,1
40,2387,0,1,2,2,3,1,4,0,3,7,3,3,22,0
36,4639,0,7,1,1,2,1,15,6,13,17,2,4,16,0
48,7898,0,4,4,4,3,0,10,0,8,11,1,3,11,0
27,2534,0,11,4,3,3,1,1,0,0,5,8,4,14,0
51,13142,0,11,2,4,2,0,5,0,3,29,3,2,16,0
18,1611,0,1,4,4,4,0,0,0,0,0,1,3,15,0
35,5363,0,1,4,4,3,1,9,0,0,10,0,2,12,0
27,5071,0,2,4,4,3,0,6,0,0,8,3,1,20,0
55,13695,1,13,3,1,2,0,19,3,8,24,6,4,17,1
56,13402,1,23,2,4,3,1,19,15,9,33,4,3,12,0
34,2029,0,26,3,1,3,3,5,0,0,5,1,2,20,0
40,6377,0,2,3,2,3,3,12,11,8,15,5,4,20,0
34,5429,0,29,3,2,3,2,8,7,7,10,4,3,13,0
31,2785,0,2,4,3,4,0,1,0,0,3,7,2,14,1
35,4614,1,18,3,4,2,1,4,3,2,5,0,3,18,1
38,2610,0,7,3,4,3,3,4,0,3,4,1,4,11,0
34,6687,0,2,4,3,4,0,14,4,11,14,1,3,11,0
28,4724,0,26,1,3,3,1,5,0,4,5,1,2,11,0
31,6179,1,22,3,4,2,2,10,6,7,10,1,3,15,1
39,6120,1,21,4,1,4,2,5,1,4,8,3,2,12,0
51,10596,0,2,2,2,3,0,4,3,2,14,2,3,11,0
41,5467,1,22,4,4,2,2,6,3,3,12,3,3,14,0
37,2996,1,4,3,3,3,0,6,1,3,8,7,3,15,0
33,9998,0,5,4,2,4,0,5,1,2,8,6,3,13,0
32,4078,1,2,2,3,2,3,3,1,2,4,0,3,13,0
39,10920,0,25,3,3,3,1,6,0,5,13,3,3,21,0
25,6232,0,18,3,1,2,0,3,1,2,6,2,4,11,0
52,13247,1,28,3,4,2,1,5,0,2,24,2,4,11,0
43,4081,1,6,3,1,1,0,20,1,8,20,1,2,14,0
27,5769,1,10,4,4,3,0,6,4,4,6,1,2,11,0
27,2394,1,17,3,4,3,0,8,7,7,8,1,3,13,1
26,3904,0,2,4,1,3,0,4,1,1,5,0,2,12,0
42,16799,0,10,1,3,3,1,20,0,9,21,0,3,14,0
52,2950,0,8,1,3,1,0,5,0,4,12,9,3,13,0
37,3629,0,11,3,1,3,0,3,0,2,8,4,3,18,0
35,9362,0,18,4,3,3,0,2,2,2,10,2,3,11,0
25,3229,0,1,4,1,2,1,3,0,2,7,4,3,11,0
26,3578,0,7,1,3,3,0,7,0,7,8,0,4,12,0
29,7988,0,17,1,2,2,0,10,0,9,10,1,2,13,0
49,4284,0,28,1,1,3,0,4,1,3,20,3,2,20,1
29,7553,1,14,4,3,3,0,8,7,7,9,0,3,12,1
54,17328,0,1,4,4,2,0,20,12,7,29,6,3,19,0
58,19701,1,1,1,4,3,1,9,1,5,32,3,3,21,0
55,14732,0,1,4,2,4,2,7,0,0,31,2,4,13,0
36,9278,1,3,2,1,3,0,5,0,1,15,3,3,16,0
31,1359,0,1,3,2,3,0,1,0,0,1,1,1,12,1
30,4779,0,7,1,4,3,2,3,0,2,8,7,3,14,0
31,16422,0,8,2,1,4,0,3,1,0,9,3,3,11,0
34,2996,0,1,1,4,3,2,4,1,3,10,5,3,14,0
31,1261,0,8,2,1,4,0,1,0,0,1,1,2,12,1
27,2099,0,11,1,2,4,0,5,1,4,6,0,3,14,0
36,5810,0,4,4,1,2,0,10,1,8,10,1,2,16,0
36,5647,0,16,1,3,2,2,3,0,2,11,4,2,13,0
47,3420,0,1,4,1,2,1,6,1,2,17,7,3,12,0
25,4400,0,9,1,1,3,0,3,2,2,6,3,2,12,1
37,3500,0,5,3,3,1,0,6,1,3,7,0,4,14,0
56,2066,0,1,1,1,4,1,3,1,0,5,2,3,22,0
47,17169,0,2,3,1,4,2,20,5,6,26,3,3,19,0
24,4162,1,4,3,4,3,2,5,0,3,5,1,3,12,0
32,9204,0,7,4,4,2,1,4,0,3,7,4,3,12,0
34,3294,0,1,2,4,2,1,5,0,2,7,5,2,17,0
41,2127,1,5,3,2,2,0,4,0,3,7,2,4,12,0
40,3975,0,9,3,3,4,2,8,0,7,11,3,3,11,0
31,10793,0,8,4,1,3,1,13,9,9,13,1,3,18,0
46,10096,0,9,4,1,4,1,7,4,3,28,4,3,11,1
39,3646,1,2,1,1,4,0,1,0,0,11,2,2,23,1
31,7446,0,1,2,3,3,0,10,4,7,10,1,4,11,1
45,10851,1,20,1,2,3,1,7,0,7,24,2,1,18,0
31,2109,0,8,2,4,3,0,3,0,2,8,9,4,18,0
31,3722,1,2,4,2,1,1,2,2,2,7,6,3,13,1
45,9380,1,29,4,2,4,2,3,1,2,10,4,3,18,0
48,5486,0,7,1,3,3,3,2,2,2,15,4,3,11,0
34,2742,0,9,3,1,3,0,2,2,2,2,1,3,15,1
40,13757,0,8,2,4,3,1,9,4,8,16,2,2,11,0
28,8463,0,5,1,4,3,0,5,1,3,6,0,3,18,0
44,3162,0,5,3,3,3,0,5,0,3,7,3,2,14,0
53,16598,0,2,2,4,2,0,9,8,8,35,4,4,12,0
49,6651,0,5,3,1,2,1,3,1,2,20,2,3,14,0
40,2345,0,2,3,3,4,1,3,1,2,8,2,3,14,0
44,3420,0,20,2,4,2,0,5,1,3,6,1,3,13,0
33,4373,0,7,1,4,3,2,4,0,3,5,0,3,14,0
34,4759,0,3,1,4,3,0,13,3,12,15,3,1,18,0
30,5301,0,16,3,4,2,2,2,2,2,4,8,3,15,0
42,3673,0,9,4,1,3,0,12,5,8,12,1,3,13,0
44,4768,0,1,3,1,2,1,1,0,0,11,7,3,12,0
30,1274,0,7,3,3,2,2,1,0,0,1,1,3,13,0
57,4900,0,1,3,2,2,1,12,2,8,13,0,4,24,0
49,10466,0,7,2,3,3,2,8,0,7,29,3,3,14,0
34,17007,0,15,1,2,2,2,14,6,9,16,7,3,14,0
28,2909,0,1,3,1,4,1,3,1,2,5,3,3,15,1
29,5765,0,13,2,1,1,0,5,0,0,7,5,3,11,1
34,4599,1,24,2,1,4,0,15,10,10,16,0,2,23,1
35,2404,0,7,3,4,3,1,1,0,0,1,1,3,13,0
24,3172,1,9,1,2,2,0,0,0,0,4,2,3,11,1
24,2033,0,13,2,4,3,1,1,0,0,1,1,3,13,0
44,10209,1,2,3,2,2,0,2,2,2,16,5,3,18,0
29,8620,0,19,3,3,3,2,10,0,4,10,1,2,14,0
30,2064,0,1,3,3,4,1,5,1,3,6,0,3,21,0
55,4035,1,4,3,4,3,0,3,1,2,4,0,3,16,0
33,3838,0,4,2,1,3,0,5,0,2,8,8,2,11,0
47,4591,1,14,3,3,2,1,5,1,2,11,3,3,17,0
28,2561,0,2,1,3,2,0,0,0,0,8,7,2,11,1
28,1563,0,1,3,1,1,1,1,0,0,1,1,2,14,0
28,4898,0,7,1,3,3,0,4,1,3,5,0,3,14,0
49,4789,0,3,1,3,3,1,3,1,2,10,4,2,25,0
29,3180,0,2,2,4,3,3,3,0,2,4,0,3,13,0
28,6549,0,29,2,3,2,2,8,1,7,8,1,1,14,0
33,6388,1,8,3,4,3,0,0,0,0,14,2,3,17,0
32,11244,0,10,4,3,4,0,5,0,0,10,2,3,25,0
54,16032,0,11,4,2,3,1,14,1,12,26,3,3,20,0
29,2362,0,1,1,1,1,0,9,0,7,11,6,2,13,1
44,16328,0,28,1,4,4,1,20,14,17,24,3,3,13,0
39,8376,0,6,2,2,3,0,2,2,2,9,4,3,18,0
46,16606,0,3,2,3,4,1,13,5,1,23,8,3,12,0
35,8606,0,16,2,4,1,0,11,3,3,11,1,2,19,0
23,2272,0,20,3,1,3,0,4,1,2,5,0,3,14,0
40,2018,0,9,1,4,1,0,5,1,0,15,3,3,14,1
34,7083,1,1,3,4,3,0,10,8,6,10,1,2,14,0
31,4084,0,3,3,4,1,0,7,7,7,7,1,3,12,1
50,14411,1,22,4,3,3,0,32,13,9,32,1,1,13,0
34,2308,1,7,3,2,3,1,11,5,7,12,0,3,25,0
42,4841,0,2,2,3,3,1,1,0,0,4,4,2,14,0
37,4285,0,13,4,1,3,0,10,3,7,10,1,3,17,0
29,9715,0,8,1,3,3,1,7,0,7,9,3,1,13,0
33,4320,0,25,2,4,3,0,5,0,2,5,1,2,13,0
45,2132,0,28,4,4,3,1,5,0,3,8,4,3,20,0
42,10124,1,2,4,4,1,1,20,13,9,24,2,3,14,0
40,5473,0,9,1,1,4,0,8,7,1,9,0,3,12,0
33,5207,1,28,3,2,3,1,15,5,7,15,1,3,12,0
40,16437,1,6,4,3,3,0,21,7,7,21,1,3,21,0
24,2296,0,21,1,3,3,3,1,0,0,2,0,2,14,0
40,4069,1,8,4,4,3,0,2,2,2,8,3,3,18,0
45,7441,0,1,2,1,3,3,10,7,7,10,1,3,12,0
35,2430,0,28,3,2,3,2,5,4,2,6,0,2,23,0
32,5878,0,5,2,4,3,1,7,2,5,12,3,2,12,0
36,2644,1,2,4,3,2,0,3,1,2,7,3,3,21,0
48,6439,0,16,3,3,3,1,8,7,7,18,8,3,14,0
29,2451,0,9,3,3,2,2,1,0,0,5,6,4,18,0
33,6392,0,8,1,1,1,1,2,2,2,8,2,3,13,0
30,9714,0,1,1,2,3,1,10,6,7,10,1,2,11,1
38,6077,0,10,3,3,3,0,6,1,2,10,3,3,11,0
35,2450,0,1,1,4,3,0,3,1,2,3,1,2,19,0
30,9250,0,29,2,3,3,1,4,1,3,9,3,3,12,0
35,2074,1,2,1,1,3,1,1,0,0,1,1,3,12,1
53,10169,0,2,4,3,3,1,33,1,9,34,0,2,16,1
38,4855,0,2,2,3,3,2,5,1,4,7,4,3,11,1
32,4087,0,1,1,4,2,1,6,1,2,9,4,3,14,0
48,2367,0,15,1,3,2,1,8,7,6,10,8,3,12,0
34,2972,0,7,4,1,1,0,1,0,0,1,1,3,13,0
55,19586,0,26,4,3,3,1,36,2,13,36,1,2,21,0
34,5484,0,1,4,2,2,1,2,2,1,9,9,3,17,0
26,2061,0,3,4,1,3,0,1,0,0,1,1,3,21,0
38,9924,0,14,2,3,3,1,9,7,7,10,0,3,11,0
38,4198,0,16,2,2,4,0,3,1,2,8,2,3,12,0
36,6815,0,1,3,2,3,0,1,0,0,15,6,3,13,0
29,4723,1,3,1,2,3,0,10,1,5,10,1,3,18,0
35,6142,1,10,3,1,3,0,5,0,4,10,3,3,16,0
39,8237,0,6,3,4,3,1,7,7,6,11,2,4,11,0
29,8853,0,2,4,1,4,1,6,1,3,6,1,3,19,0
50,19331,1,9,3,3,3,1,1,0,0,27,4,3,16,0
23,2073,0,10,3,4,3,1,2,2,2,4,2,4,16,0
36,5562,1,6,1,1,3,1,3,0,2,9,3,4,13,0
42,19613,0,9,4,4,3,0,1,0,1,24,8,2,22,0
35,3407,0,28,3,2,2,2,10,6,8,10,1,4,17,0
34,5063,0,10,3,4,2,1,8,7,7,8,1,2,14,0
40,4639,0,14,1,4,3,1,5,1,2,5,1,3,15,0
43,4876,0,27,2,4,3,1,6,0,2,8,5,4,12,0
35,2690,0,7,4,3,2,1,1,0,1,1,1,2,18,0
46,17567,0,1,1,4,1,0,26,0,12,27,1,4,15,0
28,2408,1,24,2,3,3,3,1,0,0,1,1,3,17,1
22,2814,1,26,3,2,2,0,4,1,3,4,1,2,14,0
50,11245,1,20,3,2,3,1,30,12,13,32,2,3,15,0
32,3312,0,5,4,2,3,2,3,0,2,6,3,4,17,0
44,19049,1,7,4,2,2,1,22,1,10,23,0,3,14,0
30,2141,0,7,2,2,2,1,6,1,1,6,1,2,12,0
45,5769,1,5,1,3,3,0,10,1,4,10,1,1,14,0
45,4385,0,26,1,1,3,1,10,4,5,10,1,2,15,0
31,5332,0,2,1,4,3,0,5,0,3,10,7,3,13,0
36,4663,1,12,3,3,3,2,3,1,1,7,9,3,12,0
34,4724,0,10,4,3,3,1,9,7,2,9,1,4,13,0
49,3211,0,25,1,3,2,1,9,1,4,10,1,3,14,0
39,5377,0,10,1,2,3,3,7,7,7,10,2,3,13,0
27,4066,0,19,1,4,3,2,7,0,7,7,1,2,11,0
35,5208,0,18,1,2,3,0,16,1,10,16,1,4,11,0
28,4877,0,27,1,2,2,1,5,0,0,6,0,1,21,0
21,3117,0,5,4,3,3,0,2,2,2,3,1,3,18,0
18,1569,1,3,4,2,4,0,0,0,0,0,1,3,12,1
47,19658,0,26,3,4,3,1,5,1,0,27,3,3,11,0
39,3069,0,3,3,3,3,1,10,0,7,11,0,2,15,0
40,10435,0,15,3,1,3,2,18,14,12,18,1,2,13,0
35,4148,0,8,3,3,3,1,14,2,9,15,1,3,12,0
37,5768,0,19,3,3,2,3,4,0,2,9,3,3,17,0
39,5042,0,4,3,1,1,0,9,3,8,10,0,3,13,0
45,5770,0,2,4,4,3,2,10,3,9,10,1,2,19,0
38,7756,1,2,3,4,4,1,5,0,2,10,3,2,19,0
35,10306,0,10,1,4,3,0,13,6,0,15,9,2,17,1
37,3936,0,10,2,2,1,1,8,7,7,8,1,3,11,0
40,7945,1,16,4,3,2,0,4,3,3,18,6,3,15,0
44,5743,1,1,4,1,3,0,10,0,2,14,4,3,11,0
48,15202,0,4,4,3,3,1,2,2,2,23,2,2,25,0
35,5440,1,15,4,1,2,2,2,2,2,7,6,1,14,1
24,3760,1,2,4,1,3,0,6,1,3,6,1,3,13,0
27,3517,0,8,3,2,3,0,3,0,2,5,7,4,17,0
27,2580,0,2,4,4,2,0,4,1,2,6,2,3,13,0
40,2166,1,7,1,1,1,0,4,0,3,10,3,3,14,1
29,5869,0,10,3,3,3,0,5,1,4,8,9,2,11,0
36,8008,0,5,1,2,3,2,3,0,2,9,4,3,12,0
25,5206,0,2,3,4,3,2,7,0,7,7,1,4,17,0
39,5295,0,12,2,4,3,0,5,1,0,7,4,3,21,0
49,16413,0,22,2,1,3,2,4,1,2,27,3,3,16,0
50,13269,0,17,1,4,3,3,14,1,11,19,5,2,15,0
20,2783,0,2,3,3,3,0,2,2,2,2,1,3,19,0
34,5433,0,3,2,4,3,1,11,7,9,11,1,3,12,0
36,2013,0,7,2,1,3,0,4,1,3,15,2,3,11,0
49,13966,1,6,3,3,3,1,15,2,12,30,2,2,19,0
36,4374,0,1,3,4,3,0,3,1,2,4,0,2,15,0
36,6842,0,3,1,4,3,1,5,0,4,13,6,4,20,0
54,17426,0,22,3,2,3,1,10,4,7,36,3,3,25,0
43,17603,0,15,3,3,3,1,14,6,11,14,1,2,24,0
35,4581,1,12,4,4,4,0,11,6,7,13,3,3,24,1
38,4735,0,1,4,4,4,2,13,2,9,19,7,3,15,0
29,4187,1,5,2,1,2,1,10,0,9,10,1,2,13,0
33,5505,0,2,4,4,3,2,6,0,4,6,1,3,14,0
32,5470,0,2,2,4,2,2,9,1,6,10,0,3,13,0
31,5476,0,5,4,1,3,2,10,0,2,10,1,3,11,0
49,2587,1,16,1,4,2,1,2,2,2,17,4,3,16,0
38,2440,0,2,2,4,3,0,4,3,3,4,1,2,22,0
47,15972,0,2,2,2,3,3,3,1,2,29,6,4,14,0
49,15379,0,1,3,3,3,0,8,0,0,23,4,3,14,0
41,7082,1,23,3,4,3,0,2,0,2,21,3,3,16,0
20,2728,0,9,1,4,3,0,2,0,2,2,1,3,11,0
33,5368,1,16,4,3,3,1,6,1,2,7,1,3,25,0
36,5347,0,26,3,1,2,2,3,0,2,10,6,3,14,0
44,3195,1,1,4,3,3,3,2,2,2,8,4,3,18,0
23,3989,1,8,3,4,3,0,5,1,2,5,1,2,11,1
38,3306,0,4,3,4,2,1,0,0,0,7,7,3,19,0
53,7005,0,24,4,2,3,0,4,1,2,11,3,4,15,0
48,2655,1,7,3,4,3,2,9,7,7,19,2,3,11,1
32,1393,0,2,2,4,3,0,1,0,0,1,1,3,12,1
26,2570,0,7,4,4,3,0,7,5,7,7,1,3,20,0
55,3537,0,22,2,1,3,1,4,1,2,8,5,2,12,0
34,3986,0,5,4,2,4,1,15,4,13,15,1,2,14,0
60,10883,0,1,4,3,4,1,1,0,0,19,3,1,20,0
33,2028,0,21,2,2,3,3,14,2,13,14,1,4,18,0
37,9525,0,1,4,3,2,2,6,1,3,6,1,1,14,0
34,2929,0,19,4,2,3,0,10,8,7,10,1,2,12,0
23,2275,1,7,4,3,3,1,3,0,2,3,1,3,21,1
44,7879,1,2,4,3,3,1,8,6,7,9,1,4,19,0
35,4930,1,2,4,1,4,0,5,1,4,6,0,2,14,0
43,7847,1,2,4,4,3,1,10,8,8,10,1,3,17,0
24,4401,0,9,3,3,3,1,5,0,4,5,1,4,16,0
41,9241,0,6,3,4,3,0,10,8,7,10,1,3,12,0
29,2974,0,9,3,4,3,1,5,1,2,9,9,3,17,0
36,4502,0,2,4,3,2,0,13,6,7,17,3,3,15,0
45,10748,0,1,3,3,2,1,23,14,4,25,3,2,23,0
24,1555,0,22,3,4,3,1,1,0,0,1,1,1,11,1
47,12936,0,9,3,3,1,0,23,14,10,25,7,1,11,1
26,2305,0,17,3,4,4,3,3,0,2,3,1,1,15,0
45,16704,0,28,2,4,3,0,21,8,6,21,1,2,11,0
32,3433,0,10,3,1,2,1,5,1,3,10,6,3,13,0
31,3477,0,2,3,2,4,1,5,0,3,6,1,3,14,0
41,6430,0,4,2,3,3,1,3,1,2,10,6,1,19,0
40,6516,1,8,1,2,3,1,1,0,0,18,2,3,16,0
24,3907,0,29,1,2,4,3,6,1,2,6,1,3,13,0
46,5562,0,13,2,3,3,0,10,0,9,19,6,3,14,0
35,6883,0,27,3,4,3,1,7,0,7,17,2,3,16,0
30,2862,0,16,4,2,2,1,10,0,8,10,1,3,12,0
47,4978,0,2,2,3,1,1,1,0,0,4,7,3,11,0
46,10368,1,2,4,3,2,1,10,0,3,13,4,3,12,0
36,6134,1,13,1,2,3,3,2,2,2,16,5,2,13,1
32,6735,0,1,2,1,3,0,0,0,0,10,6,1,15,1
23,3295,0,4,2,3,1,0,3,1,2,3,1,3,13,0
31,5238,0,24,4,4,2,0,5,1,4,9,2,3,20,0
39,6472,1,1,4,4,3,1,9,5,8,9,1,3,15,0
32,9610,0,19,3,4,1,1,4,0,2,10,3,1,13,0
40,19833,0,7,2,2,2,0,21,12,8,21,1,3,14,0
45,9756,0,4,3,3,4,2,5,0,3,9,4,1,21,0
30,4968,0,2,1,4,3,0,9,0,7,10,0,2,16,0
24,2145,0,10,4,1,3,1,2,2,1,3,0,3,14,0
30,2180,0,8,4,3,2,1,4,1,2,6,6,2,11,1
31,8346,0,5,3,1,3,1,5,0,2,6,1,3,19,0
27,3445,0,8,4,3,2,0,6,1,4,6,1,3,11,0
29,2760,0,9,2,2,3,0,2,2,2,2,1,1,13,1
29,6294,1,1,3,4,4,0,3,0,2,10,8,4,12,0
30,7140,0,15,1,3,3,1,7,1,7,12,2,2,11,0
34,2932,1,2,4,4,3,3,5,1,2,6,0,4,14,0
33,5147,0,2,2,4,2,0,11,1,7,13,8,3,15,0
49,4507,0,11,4,4,4,0,5,0,4,8,3,3,12,0
33,8564,1,16,1,1,2,0,0,0,0,11,2,3,20,1
38,2468,0,2,2,3,2,1,6,0,5,9,4,2,14,0
31,8161,0,16,3,1,3,3,1,0,0,10,2,3,13,1
29,2109,0,4,1,4,3,1,1,0,0,1,1,2,13,0
30,5294,0,16,3,3,3,1,7,1,7,10,3,4,16,0
32,2718,0,5,2,2,3,0,7,0,7,12,2,3,14,0
38,5811,1,18,4,2,3,1,1,1,0,15,3,1,16,0
43,2437,1,17,3,3,3,1,1,0,0,6,9,2,16,1
42,2766,0,12,2,2,2,3,5,0,4,7,8,3,22,0
55,19038,0,2,1,3,3,3,1,0,0,34,8,2,12,0
33,3055,0,4,2,4,2,2,9,1,7,11,5,3,15,0
41,2289,0,9,1,3,3,2,5,0,4,5,1,3,20,0
34,4001,1,10,3,4,3,1,15,0,7,15,1,3,14,0
53,12965,1,1,3,1,2,3,3,0,2,27,4,2,20,0
43,3539,0,2,4,2,3,0,9,1,8,10,0,3,13,0
34,6029,0,3,4,4,3,0,2,2,2,6,5,1,12,0
21,2679,0,7,2,2,3,0,1,1,0,1,1,3,13,1
38,3702,0,6,3,4,3,1,5,0,4,5,1,2,11,0
22,2398,1,8,1,3,3,0,1,0,0,1,1,3,17,1
31,5468,0,29,4,1,3,2,12,5,7,13,1,2,14,0
51,13116,0,3,3,1,3,0,2,2,2,15,2,3,11,0
37,4189,0,9,2,2,3,2,5,0,3,5,1,2,14,0
46,19328,1,2,4,3,3,1,2,2,2,24,7,3,17,0
36,8321,1,10,1,4,3,1,12,5,7,15,7,3,13,0
44,2342,1,1,2,3,2,3,5,2,3,6,1,3,12,1
37,4071,0,8,2,3,2,0,10,4,7,19,2,3,13,0
35,5813,1,27,4,3,3,0,10,7,7,10,1,3,18,1
33,3143,0,8,1,4,3,1,10,7,6,14,6,4,19,0
28,2044,0,1,4,3,4,1,5,0,3,5,1,3,11,0
39,13464,0,10,3,3,3,0,4,2,2,9,7,3,21,0
46,7991,0,26,2,2,3,0,2,2,2,6,8,2,15,0
40,3377,0,2,1,3,2,1,4,0,2,7,4,3,17,0
42,5538,0,13,1,2,2,2,0,0,0,10,5,4,18,0
35,5762,0,2,4,2,3,1,7,1,7,15,2,3,14,0
38,2592,0,2,2,1,3,3,11,3,8,13,5,3,13,0
34,5346,0,9,1,4,2,1,7,0,7,11,4,3,17,1
37,4213,0,10,1,4,1,0,10,0,8,10,1,3,15,1
39,4127,0,20,4,3,3,1,2,2,2,7,2,3,18,0
43,2438,0,9,3,1,2,0,3,1,2,7,4,3,13,0
41,6870,0,5,2,2,1,0,3,1,2,11,3,4,12,0
41,10447,1,4,3,3,4,1,22,13,5,23,0,3,13,0
30,9667,0,10,3,1,3,0,7,0,2,9,9,3,14,0
26,2148,1,20,2,4,3,0,5,1,4,6,0,3,11,1
46,8926,0,21,2,4,4,1,9,3,7,13,4,3,22,1
40,6513,0,1,4,3,3,1,5,0,3,12,4,3,17,0
34,6799,0,8,3,2,3,2,10,4,8,10,1,4,21,0
58,16291,0,2,2,2,2,1,16,14,14,37,4,3,22,0
35,2705,0,23,3,2,4,1,5,0,3,6,0,1,16,0
47,10333,1,4,2,3,3,1,22,14,10,28,8,2,12,0
40,4448,0,12,1,2,3,1,7,7,7,15,2,3,12,0
54,6854,0,7,4,4,2,1,7,1,7,14,4,3,15,0
31,9637,0,7,1,1,3,2,3,2,2,9,2,3,14,0
28,3591,0,1,1,3,3,1,3,1,2,3,1,3,25,0
38,5405,1,2,4,2,2,2,4,0,3,20,2,1,20,0
26,4684,0,10,4,3,3,0,5,1,2,5,1,3,13,0
58,15787,1,15,3,1,3,0,2,2,2,23,2,3,14,0
18,1514,0,14,3,2,1,0,0,0,0,0,1,3,16,0
31,2956,0,18,1,4,3,0,1,0,0,2,0,4,17,1
29,2335,1,13,1,1,3,3,2,2,0,4,4,2,15,1
45,5154,0,2,3,3,4,2,8,5,7,10,4,3,22,0
36,6962,1,2,2,4,3,1,1,0,0,15,4,3,22,0
43,5675,0,2,4,1,3,1,7,7,7,7,1,3,20,0
27,2379,1,5,4,4,2,0,5,0,2,6,0,3,14,0
29,3812,0,20,4,4,4,0,11,3,10,11,1,3,13,0
32,4648,0,10,4,4,4,0,0,0,0,4,8,3,13,0
42,2936,0,10,3,3,2,2,6,3,3,10,3,3,22,0
47,2105,0,9,3,2,3,0,2,2,0,7,4,3,12,0
46,8578,0,2,4,4,2,1,9,4,7,12,3,3,14,0
28,2706,0,1,4,3,3,1,3,2,2,3,1,3,15,0
29,6384,0,29,3,4,3,2,7,1,6,11,8,1,17,0
42,3968,0,8,3,4,3,0,0,0,0,8,4,3,13,0
32,9907,1,2,2,3,2,0,2,2,2,7,7,2,12,1
46,13225,0,3,1,1,3,1,19,2,8,25,2,4,12,0
27,3540,0,23,3,2,3,1,9,5,8,9,1,2,21,0
29,2804,0,6,2,4,3,0,1,0,0,1,1,2,11,0
43,19392,0,6,3,1,3,0,16,6,14,21,7,2,13,0
48,19665,0,10,2,4,3,0,22,12,9,29,4,2,12,0
29,2439,1,24,4,4,2,0,1,1,0,1,1,2,24,1
46,7314,0,10,2,3,3,3,8,0,7,14,5,3,21,1
27,4774,0,15,1,4,2,1,7,7,3,8,0,2,19,0
39,3902,0,19,4,4,3,3,2,2,2,7,8,3,14,0
55,2662,0,2,4,2,4,1,5,0,4,19,8,2,20,0
28,2856,0,3,2,2,3,1,1,0,0,1,1,3,19,0
30,1081,0,9,4,2,2,0,1,0,0,1,1,3,13,1
22,2472,1,7,2,4,3,0,1,0,0,1,1,3,23,1
36,5673,1,10,3,2,3,1,10,1,7,10,1,2,13,0
31,4197,0,20,3,2,3,1,10,0,2,10,1,3,11,0
34,9713,1,4,4,3,3,3,5,1,0,9,2,3,13,0
29,2062,0,7,1,4,3,0,3,1,2,11,3,3,14,0
37,4284,1,7,1,4,3,1,5,0,4,16,5,3,22,0
35,4788,1,16,2,4,3,0,3,0,2,4,0,2,11,0
45,5906,0,25,4,2,2,2,9,3,8,10,0,2,13,0
36,3886,0,2,4,2,2,0,10,0,8,10,1,2,21,0
40,16823,0,1,1,1,3,1,19,11,16,22,2,3,11,0
26,2933,1,1,3,2,2,1,1,1,0,1,1,2,13,0
27,6500,0,2,3,1,2,0,8,0,7,9,0,4,14,0
48,17174,0,22,4,4,3,1,22,4,7,24,3,3,11,0
44,5033,0,1,1,2,3,1,2,2,2,10,2,4,15,0
34,2307,1,16,1,4,3,1,5,3,0,5,1,1,23,1
56,2587,0,24,4,1,3,0,4,1,0,5,1,3,16,1
36,5507,0,17,2,3,1,2,4,1,3,12,2,2,16,0
41,4393,0,8,2,3,3,1,5,1,4,14,5,3,21,0
42,13348,0,6,1,3,4,1,13,5,7,18,9,3,13,0
31,6583,1,10,4,3,3,1,5,1,4,8,2,3,11,0
34,8103,1,3,4,4,2,0,4,0,1,9,3,2,12,0
31,3978,0,4,3,1,2,1,2,2,2,4,8,4,12,0
26,2544,0,6,4,3,3,1,7,7,7,8,0,4,18,0
45,5399,0,1,3,2,3,0,4,0,3,12,4,3,12,0
33,5487,0,10,3,2,2,0,10,0,9,10,1,3,14,0
28,6834,1,1,4,3,3,1,7,0,7,7,1,2,12,0
29,1091,0,24,1,3,3,0,1,0,0,1,1,4,17,1
39,5736,0,21,3,1,3,1,3,1,2,10,6,1,19,0
27,2226,0,2,2,2,2,1,5,1,2,6,1,3,11,0
34,5747,1,22,4,3,3,0,15,6,11,16,1,2,15,0
28,9854,1,13,3,4,3,0,2,2,2,6,3,3,11,1
47,5467,0,14,2,3,4,1,8,1,7,16,8,3,18,0
56,5380,0,11,1,4,3,1,0,0,0,6,4,2,16,0
39,5151,0,9,1,1,3,1,10,7,9,10,1,3,25,0
38,2133,1,8,2,4,3,1,20,0,7,20,1,2,16,0
58,17875,1,21,4,4,2,1,1,0,0,29,4,3,13,0
32,2432,1,5,3,1,3,0,4,0,3,8,3,4,14,1
38,4771,0,9,4,2,4,2,5,0,3,10,2,3,19,0
49,19161,0,2,4,2,3,0,5,4,3,28,3,3,15,0
42,5087,1,12,4,2,3,2,0,0,0,14,3,3,12,0
27,2863,0,22,2,1,3,0,1,0,0,1,1,2,12,1
35,5561,0,18,1,2,1,1,5,0,4,6,0,3,16,0
28,2144,0,16,3,3,2,0,5,1,4,5,1,3,14,0
31,3065,1,3,1,3,4,1,4,2,3,4,1,3,13,0
36,2810,0,9,2,1,3,0,5,0,2,5,1,4,22,0
34,9888,0,1,4,1,2,0,14,2,1,14,1,3,21,0
34,8628,0,13,3,4,2,1,8,1,1,9,1,3,18,0
26,2867,0,1,1,3,2,0,7,7,6,8,0,3,13,0
29,5373,0,1,1,1,2,1,5,0,2,6,0,3,12,0
32,6667,0,15,4,3,3,1,5,1,2,9,5,3,18,0
31,5003,0,1,1,4,3,0,10,8,7,10,1,1,21,0
28,2367,0,17,4,3,2,1,4,0,3,6,5,2,12,1
38,2858,0,1,1,1,2,0,1,0,0,20,4,2,14,0
35,5204,1,7,4,3,3,0,10,0,9,10,1,3,11,0
27,4105,0,9,4,4,3,0,7,0,7,7,1,3,14,0
32,9679,0,5,4,4,3,0,1,0,0,8,8,2,24,0
31,5617,1,26,4,1,3,0,10,0,8,10,1,3,11,1
53,10448,1,24,1,1,2,0,2,2,2,15,6,3,13,1
54,2897,0,9,3,1,2,2,4,2,3,9,3,3,11,0
33,5968,0,7,3,4,3,3,9,2,8,9,1,3,20,0
43,7510,0,11,3,1,3,1,10,0,9,10,1,3,17,0
38,2991,1,1,2,4,3,1,6,1,2,7,0,3,11,0
55,19636,1,26,2,3,3,1,10,1,4,35,4,4,18,0
31,1129,1,2,4,4,3,3,1,0,0,1,1,1,11,0
39,13341,0,15,1,2,3,0,20,11,10,21,0,3,12,0
42,4332,0,23,3,4,3,0,20,3,7,20,1,2,12,0
31,11031,0,10,3,3,4,1,11,4,8,13,4,3,20,0
54,4440,1,10,1,3,3,0,5,1,4,9,6,3,19,0
24,4617,0,1,3,2,2,0,4,1,2,4,1,2,12,0
23,2647,0,12,4,4,4,0,5,1,4,5,1,3,13,0
40,6323,0,11,3,4,4,1,10,9,4,10,1,3,11,0
40,5677,0,2,2,2,3,1,11,5,10,15,3,3,14,0
25,2187,0,2,2,3,3,0,2,1,2,6,4,3,14,0
30,3748,0,1,2,4,2,0,12,1,7,12,1,3,13,0
25,3977,1,2,3,4,2,1,2,0,2,7,6,3,19,0
47,8633,0,25,3,1,3,0,17,12,11,25,2,3,23,0
33,2008,0,1,3,2,2,3,1,0,0,1,1,2,12,0
38,4440,0,1,2,4,3,2,15,5,8,16,0,3,15,0
31,3067,0,2,3,1,3,1,2,1,2,3,0,3,19,0
38,5321,0,6,3,1,3,1,8,7,7,10,2,2,11,0
42,5410,1,18,1,4,2,1,4,1,2,9,6,3,17,0
41,2782,0,1,4,4,3,1,5,1,0,12,3,3,22,0
47,11957,0,1,2,3,1,2,13,5,12,14,0,3,18,0
35,2660,1,11,3,4,3,1,2,2,2,5,7,3,11,0
22,3375,0,1,3,4,4,0,3,1,2,4,0,3,12,0
35,5098,0,9,3,2,3,0,10,0,8,10,1,3,19,0
33,4878,1,15,4,2,3,1,9,8,1,10,0,3,13,0
32,2837,0,29,2,3,3,0,6,4,1,6,1,2,13,0
40,2406,0,1,4,1,2,2,1,0,0,8,8,3,19,0
32,2269,0,1,2,2,3,1,2,2,2,3,0,2,14,0
39,4108,0,24,4,1,3,0,7,1,7,18,7,3,13,0
38,13206,0,10,3,2,3,1,18,1,11,20,3,1,12,0
32,10422,0,1,4,3,3,2,14,5,7,14,1,3,19,0
37,13744,1,10,4,3,3,1,16,6,8,16,1,4,25,0
25,4907,1,8,3,1,2,1,5,0,4,6,0,3,22,0
52,3482,0,29,4,1,2,2,9,0,0,16,2,3,15,0
44,2436,1,1,4,2,3,0,4,1,2,6,6,3,12,0
21,2380,1,5,1,3,3,0,2,1,2,2,1,3,11,0
39,19431,0,9,4,4,2,0,6,1,3,21,2,3,13,0
23,1790,0,9,1,4,2,1,1,1,0,1,1,3,19,1
36,7644,0,3,4,1,3,2,9,3,4,10,0,2,19,0
36,5131,0,4,2,4,3,3,4,0,2,18,7,3,13,0
56,6306,0,1,3,3,2,1,13,1,9,13,1,3,21,0
29,4787,1,1,4,1,4,3,2,2,2,4,9,3,14,1
42,18880,0,2,3,1,2,0,22,4,14,24,5,3,11,0
56,2339,0,7,3,4,1,1,10,9,8,14,8,3,11,1
41,13570,0,28,2,1,3,1,20,0,10,21,0,2,23,0
34,6712,0,28,3,4,3,2,8,1,7,8,1,2,21,0
36,5406,0,15,4,4,2,1,15,11,11,15,1,1,24,0
41,8938,0,3,2,3,3,1,5,0,4,14,2,2,11,0
32,2439,0,2,1,4,3,0,4,1,2,4,1,3,14,0
35,8837,1,26,4,3,3,0,9,1,7,9,1,3,16,0
38,5343,0,10,4,1,3,1,10,1,9,10,1,3,11,0
50,6728,0,1,3,2,3,2,6,0,1,12,7,3,12,1
36,6652,0,11,4,2,2,1,6,0,0,8,4,2,13,0
45,4850,0,20,3,4,3,0,5,0,1,8,8,3,15,0
40,2809,0,2,3,3,3,0,2,2,2,8,2,2,14,0
35,5689,1,18,3,3,4,2,10,0,2,10,1,3,14,0
40,2001,0,2,3,3,3,3,5,0,2,20,2,3,14,0
35,2977,0,1,4,3,3,1,4,1,1,4,1,1,12,0
29,4025,1,13,2,4,3,1,4,0,3,10,4,2,13,0
29,3785,0,28,1,4,1,0,5,0,4,5,1,2,14,0
50,10854,1,28,1,4,3,1,3,2,0,20,4,2,13,1
39,12031,0,24,4,2,2,1,20,9,6,21,0,2,11,0
31,9936,0,5,1,2,3,0,9,1,7,10,0,3,19,0
26,2966,0,5,3,4,3,0,4,0,0,5,0,2,18,0
36,2571,0,23,4,3,3,1,5,0,3,17,4,4,17,0
39,9991,0,6,1,4,3,1,7,1,7,9,4,2,15,0
27,6142,1,4,2,2,3,1,6,0,3,6,1,4,20,0
49,5390,0,2,2,4,2,0,9,0,8,17,2,2,14,0
34,4404,0,8,3,2,4,0,4,1,2,6,2,4,12,0
